FanId__pc,FirstName,LastName,PersonEmail,PersonBirthdate,PersonGenderIdentity,PersonMailingStreet,PersonMailingCity,PersonMailingState,PersonMailingCountry,PersonMailingPostalCode,Phone,RecordTypeId
FAN-1029453,Abigale,Torpie,Abigail.Torpie@mail.com.uk,1958-09-23,,566 Pine Lane,Manchester,England,UK,M1 4AE,,012IP0000001NYsYAM
FAN-1031599,Abbigail,Penkman,APenkman201@yahoo.com.sa,1986-10-08,,505  Cedar Rd,Riyadh,,Saudi Arabia,11543,(254) 3673461,012IP0000001NYsYAM
FAN-1051279,Abigayle,Boulton,Abigail_Boulton@hotmail.com.jp,1970-03-01,,202  Oak Ave,Tokyo,Tokyo,Japan,100-0001,(366) 4591707,012IP0000001NYsYAM
FAN-1071081,Abigail,Eagell,Abigail_Eagell@gmail.com.eg,1987-11-22,Female,456 Maple Ave,Cairo,,Egypt,11519,,012IP0000001NYsYAM
FAN-1077692,Aidan,Braune,Aiden_Braune@yahoo.com.it,1970-12-21,,404 Elm St,Rome,Lazio,Italy,118,,012IP0000001NYsYAM
FAN-1080305,Ayden,Walsom,Aiden_Walsom@aol.com.tr,1998-06-09,Male,404 Pine Ave,Istanbul,,Turkey,34110,,012IP0000001NYsYAM
FAN-1118908,Aidan,Blaise,Aiden_Blaise@yahoo.com,2000-12-26,Female,606  Birch St,Downtown,CA,United States,54321,,012IP0000001NYsYAM
FAN-1139477,Aidan,Brownsey,Aiden_Brownsey@yahoo.com.ar,1990-07-14,,432 Strawberry Court,Buenos Aires,Capital Federal,Argentina,C1067AAF,,012IP0000001NYsYAM
FAN-1173911,Aleksander,Bester,Alexander_Bester@yahoo.com,,,987 Willow Circle,Metro,NY,United States,10987,(942) 9682747,012IP0000001NYsYAM
FAN-1175288,Alexzander,Scotti,Alexander_Scotti@hotmail.com.de,1963-06-19,Male,9201  Maple Avenue,Hamburg,Hamburg,Germany,20095,(896) 6362180,012IP0000001NYsYAM
FAN-1234078,Alaxander,Liccardi,ALiccardi173@yahoo.com,1985-06-06,Female,123 Pine Avenue,Metropolis,CA,United States,10987,(986) 5719995,012IP0000001NYsYAM
FAN-1239497,Alexzander,Pinchbeck,Alexander_Pinchbeck@hotmail.com.nl,1958-08-09,Male,303 Pine Rd,Amsterdam,,Netherlands,1012 JS,,012IP0000001NYsYAM
FAN-1260526,Andreas,Sogg,Andrew_Sogg@aol.com.de,2002-03-04,Female,556  Cedar Avenue,Berlin,Berlin,Germany,10115,(741) 2678702,012IP0000001NYsYAM
FAN-1280995,Andreas,Daftor,Andrew_Daftor@hotmail.com,1993-09-10,Female,1121 Elm Road,Hometown,TX,United States,23456,(363) 9001557,012IP0000001NYsYAM
FAN-1290448,Andrew,Bosden,ABosden66@apple.com,,Female,123  Main Street,Zone,NY,United States,87654,(638) 5866372,012IP0000001NYsYAM
FAN-1291177,Andrew,holmes,Andrew_holmes@gmail.com.hu,,,1212 Orange St,Budapest,Budapest,Hungary,1051,(468) 6179999,012IP0000001NYsYAM
FAN-1293049,Ben,Harower,Benjamin_Harower@aol.com.de,1995-08-18,Female,321 Lemon Avenue,Berlin,Berlin,Germany,10117,(491) 3867557,012IP0000001NYsYAM
FAN-1293887,Ben,Van den Hof,Benjamin_VandenHof@hotmail.com.gr,1962-09-12,Female,303 Willow St,Athens,,Greece,105 64,(451) 7563277,012IP0000001NYsYAM
FAN-1306732,Benjamin,Warde,BWarde128@apple.com,1995-08-22,Female,900 Pine Road,Los Angeles,CA,USA,90001,(642) 4722416,012IP0000001NYsYAM
FAN-1363046,Ben,Swane,Benjamin_Swane@aol.com,,Female,456 Oak Avenue,Somewhere,TX,United States,67890,,012IP0000001NYsYAM
FAN-1372955,Khloe,Duffin,Chloe.Duffin@mail.com.fr,1963-07-11,,101  Pine St,Paris,,France,75001,(508) 8093958,012IP0000001NYsYAM
FAN-1389636,Cleo,Baxstar,Chloe_Baxstar@hotmail.com.ar,,,890 Cherry Lane,Buenos Aires,Capital Federal,Argentina,C1107AAA,(505) 1494406,012IP0000001NYsYAM
FAN-1394118,Khloe,Baynton,Chloe.Baynton@mail.com.uk,1979-04-12,Female,334 Pine Street,Manchester,England,UK,M1 4AE,(306) 9283797,012IP0000001NYsYAM
FAN-1411626,Cleo,Guinan,CGuinan179@yahoo.com.be,1962-02-15,Male,808  Elm St,Brussels,,Belgium,1000,(105) 8869814,012IP0000001NYsYAM
FAN-1447620,Christophe,Myall,CMyall138@outlook.com.uk,2000-04-30,Female,677 Oak Drive,Liverpool,England,UK,L3 5TR,(765) 7972316,012IP0000001NYsYAM
FAN-1502535,Christophe,Gook,CGook140@outlook.com.uk,1972-08-30,,5050 Coconut St,London,England,United Kingdom,W1A 1AA,(254) 4338665,012IP0000001NYsYAM
FAN-1509417,Kristopher,Magee,Christopher.Magee@mail.com.fr,,Male,456  Orange Court,Paris,Ile-de-France,France,75001,(299) 3538840,012IP0000001NYsYAM
FAN-1525316,Krystoffer,Atack,CAtack10@yahoo.com,1967-06-12,Nonbinary,4151 Redwood Avenue,Villageville,CA,United States,54321,(188) 1084030,012IP0000001NYsYAM
FAN-1543489,Danial,Dikels,DDikels207@gmail.com,2003-10-17,Female,1121 Elm Avenue,Civic,TX,United States,10987,(555) 7530785,012IP0000001NYsYAM
FAN-1545374,Dan,Bilbrook,Daniel_Bilbrook@hotmail.com,1969-03-05,Male,566  Pine Lane,Metro,NY,United States,10987,(932) 5545246,012IP0000001NYsYAM
FAN-1545810,Dan,Hankey,DHankey2@yahoo.com.ar,1996-09-30,,135  Redwood Blvd,Buenos Aires,Capital Federal,Argentina,C1067AAF,,012IP0000001NYsYAM
FAN-1570540,Danial,Purbrick,DPurbrick3@gmail.com.gr,2004-05-17,Male,1717 Blueberry St,Athens,Attica,Greece,105 64,(217) 2229216,012IP0000001NYsYAM
FAN-1577132,Elizabith,Filippov,Elizabeth_Filippov@hotmail.com.mx,1967-03-20,Female,765 Redwood Avenue,Mexico City,Ciudad de Mexico,Mexico,1000,(969) 6170903,012IP0000001NYsYAM
FAN-1582928,Elisabeth,Standeven,EStandeven130@gmail.com.ch,,Male,707 Willow Rd,Zurich,,Switzerland,8001,,012IP0000001NYsYAM
FAN-1609646,Lizbeth,Shirrell,Elizabeth_Shirrell@hotmail.com.ca,1966-06-18,Male,987 Pine Road,Vancouver,BC,Canada,V6B 4Y8,(251) 7196186,012IP0000001NYsYAM
FAN-1613492,Elizabith,Vedenyapin,Elizabeth_Vedenyapin@hotmail.com.mx,1986-05-09,Male,808 Maple Rd,Mexico City,,Mexico,6010,(540) 5215116,012IP0000001NYsYAM
FAN-1654512,Emmaleigh,Cessford,Emily_Cessford@hotmail.com,,Male,5161 Birch Road,District,NY,United States,23456,(616) 9189539,012IP0000001NYsYAM
FAN-1690386,Emmaleigh,Josephi,EJosephi5@outlook.com.es,1969-03-09,,321 Fig Lane,Madrid,Community of Madrid,Spain,28005,(497) 4570129,012IP0000001NYsYAM
FAN-1700571,Amelie,Vallery,EVallery228@yahoo.com.kr,1984-07-13,Male,9101  Pine Court,Seoul,,South Korea,4526,(992) 8650466,012IP0000001NYsYAM
FAN-1733338,Emmaleigh,Melladew,Emily_Melladew@aol.com.ca,,Female,235  Elm Lane,Vancouver,BC,Canada,V6B 4Y8,(526) 1747348,012IP0000001NYsYAM
FAN-1747986,Emmah,Pitson,Emma_Pitson@yahoo.com,1973-03-13,Male,5161 Birch Lane,Countryside,TX,United States,10987,(967) 7300547,012IP0000001NYsYAM
FAN-1773000,Emmah,Lydden,ELydden144@gmail.com.uk,1972-02-17,Female,445 Oak Road,Liverpool,England,UK,L3 5TR,(350) 1940662,012IP0000001NYsYAM
FAN-1793957,Ema,Brunsen,Emma_Brunsen@aol.com,1976-03-17,Female,819 Cedar Avenue,Quadrant,CA,United States,56789,(770) 5490181,012IP0000001NYsYAM
FAN-1794102,Emmah,Stritton,EStritton176@gmail.com,1966-03-28,Male,516 Birch Street,Precinct,TX,United States,23456,(156) 1361277,012IP0000001NYsYAM
FAN-1797243,Eitan,Grigolon,EGrigolon208@gmail.com.jp,1981-06-01,Male,456 Cedar St,Osaka,,Japan,530-0001,(945) 8328249,012IP0000001NYsYAM
FAN-1799995,Eitan,Legge,Ethan_Legge@yahoo.com.fr,1961-08-26,Nonbinary,4646  Papaya St,Paris,Ile-de-France,France,75003,(245) 9528510,012IP0000001NYsYAM
FAN-1822456,Ethen,Coggan,Ethan_Coggan@aol.com.kr,,,718  Willow Drive,Seoul,Seoul,South Korea,3142,(668) 6991676,012IP0000001NYsYAM
FAN-1837426,Ethen,Faragher,EFaragher54@outlook.com.pt,1996-04-06,Female,543 Berry Road,Lisbon,Lisbon,Portugal,1100-001,(628) 5653955,012IP0000001NYsYAM
FAN-1864252,Grace,Armit,Grace_Armit@gmail.com.fr,,,680 Pine Avenue,Lyon,Auvergne-Rhône-Alpes,France,69001,(165) 7349933,012IP0000001NYsYAM
FAN-1868430,Grayce,Gentzsch,Grace_Gentzsch@yahoo.com.pl,1959-02-14,Female,4545  Avocado St,Warsaw,Masovian Voivodeship,Poland,00-001,,012IP0000001NYsYAM
FAN-1870592,Gracie,Netherclift,GNetherclift212@yahoo.com.ru,1983-03-04,,890  Cherry Lane,St. Petersburg,Leningrad Oblast,Russia,190000,,012IP0000001NYsYAM
FAN-1876301,Grace,Nerheny,Grace_Nerheny@gmail.com.at,1998-10-20,,1919  Kiwi St,Vienna,Vienna,Austria,1010,,012IP0000001NYsYAM
FAN-1880545,Isabela,Pearce,Isabella_Pearce@aol.com.pt,1966-11-25,,678  Peach Street,Lisbon,Lisbon,Portugal,1000-001,(529) 6093353,012IP0000001NYsYAM
FAN-1881461,Isabella,Braddick,Isabella_Braddick@gmail.com,1987-12-04,Female,9101 Pine Court,City Center,NY,United States,23456,,012IP0000001NYsYAM
FAN-1888427,Izabella,Sayre,ISayre136@gmail.com.uk,,Nonbinary,789 Pine St,London,,United Kingdom,W1A 1AA,(301) 8406003,012IP0000001NYsYAM
FAN-1891941,Izabella,Hoyles,Isabella_Hoyles@yahoo.com.uk,1998-05-07,Nonbinary,202 Elm St,London,,United Kingdom,EC1A 1BB,,012IP0000001NYsYAM
FAN-1896032,Jaims,Busk,James_Busk@aol.com.es,1980-01-16,Female,4040  Raspberry St,Barcelona,Catalonia,Spain,8001,(313) 4461218,012IP0000001NYsYAM
FAN-1902015,Jaymz,Dwire,JDwire179@yahoo.com.no,1977-09-27,Female,909 Pine Ave,Oslo,,Norway,180,,012IP0000001NYsYAM
FAN-1910648,Jaims,Jaye,JJaye154@outlook.com.pt,1984-08-07,Female,123  Main St,Lisbon,Lisbon,Portugal,1000-001,,012IP0000001NYsYAM
FAN-1914303,Jaims,Harmes,JHarmes101@outlook.com,1968-06-08,Female,789  Oakwood Avenue,Quadrant,CA,United States,23456,(608) 3982517,012IP0000001NYsYAM
FAN-1927587,Josef,Reford,JReford90@gmail.com.ru,1989-02-11,Female,202  Elm Ln,St. Petersburg,Leningrad Oblast,Russia,190000,(947) 4318513,012IP0000001NYsYAM
FAN-1940543,Joseph,Yockley,JYockley8@apple.com,,Female,654  Birch Lane,Urban,TX,United States,54321,(681) 5584204,012IP0000001NYsYAM
FAN-1949136,Josef,Batistelli,Joseph.Batistelli@mail.com.es,1975-05-13,,2424  Pineapple St,Barcelona,Catalonia,Spain,8001,,012IP0000001NYsYAM
FAN-1958740,Joseph,Siehard,JSiehard52@apple.com.uk,1990-11-12,,246  Birch Court,London,England,United Kingdom,W1F 7ED,(518) 4975270,012IP0000001NYsYAM
FAN-1960402,Kathryn,Baitey,Katherine.Baitey@mail.com.it,,Female,404 Birch Rd,Rome,,Italy,118,,012IP0000001NYsYAM
FAN-1960602,Catherine,Gudge,Katherine_Gudge@hotmail.com,1963-06-20,Nonbinary,456 Oak St,Los Angeles,CA,United States,90001,,012IP0000001NYsYAM
FAN-1972995,Katarina,Grubey,Katherine_Grubey@hotmail.com.it,,Male,321  Fig Lane,Milan,Lombardy,Italy,20121,(457) 4555917,012IP0000001NYsYAM
FAN-2010151,Catherine,Rosenbaum,Katherine_Rosenbaum@hotmail.com,,Nonbinary,321 Birch Drive,Township,CA,United States,23456,(137) 1116683,012IP0000001NYsYAM
FAN-2010771,Lilly,Kinchington,Lily_Kinchington@hotmail.com.hu,,Female,202 Elm Ln,Budapest,,Hungary,1051,,012IP0000001NYsYAM
FAN-2011048,Lilly,Camocke,LCamocke218@yahoo.com.fr,1998-12-26,Female,901 Birch Road,Marseille,Provence-Alpes-Côte d'Azur,France,13001,(494) 4908572,012IP0000001NYsYAM
FAN-2092843,Lillie,Housbey,Lily_Housbey@yahoo.com,1965-08-11,,505  Cedar Ln,Block,CA,United States,87654,(156) 6653407,012IP0000001NYsYAM
FAN-2128618,Lily,Keech,Lily_Keech@gmail.com.gr,1991-04-19,Male,3434 Papaya St,Athens,Attica,Greece,105 64,(989) 8660074,012IP0000001NYsYAM
FAN-2139863,Madisyn,Radnedge,Madison.Radnedge@mail.com.br,,Male,3737  Pineapple St,Sao Paulo,Sao Paulo,Brazil,01310-100,(251) 7178162,012IP0000001NYsYAM
FAN-2142178,Madyson,Cordeux,Madison_Cordeux@hotmail.com.ro,1963-05-04,Male,2323 Watermelon St,Bucharest,Bucharest,Romania,50711,(266) 3815019,012IP0000001NYsYAM
FAN-2182093,Maddison,Sayles,MSayles47@outlook.com,,Male,2525  Coconut St,Anywhere,NY,United States,87654,,012IP0000001NYsYAM
FAN-2238347,Madisyn,Whatling,Madison_Whatling@yahoo.com.de,1958-09-14,,123 Plum Avenue,Munich,Bavaria,Germany,80335,(927) 6236038,012IP0000001NYsYAM
FAN-2244761,Mathew,Ellesmere,Matthew.Ellesmere@mail.com.es,1970-12-28,Female,654  Birch Lane,Madrid,Community of Madrid,Spain,28001,(218) 6847656,012IP0000001NYsYAM
FAN-2266113,Mateo,Parram,Matthew_Parram@hotmail.com.de,,Male,791 Oak Lane,Berlin,Berlin,Germany,10115,(287) 7391676,012IP0000001NYsYAM
FAN-2267294,Mathew,Hammell,MHammell80@gmail.com.uk,2008-12-30,,357 Maple Court,Liverpool,England,UK,L3 5TR,,012IP0000001NYsYAM
FAN-2285564,Matthieu,Cresswell,Matthew_Cresswell@aol.com,1989-02-04,Female,2727  Papaya St,Territory,TX,United States,56789,(397) 1914765,012IP0000001NYsYAM
FAN-2285853,Mikael,Kearn,Michael_Kearn@yahoo.com,1976-09-26,Female,1616  Raspberry St,Chicago,IL,USA,60601,(593) 3519465,012IP0000001NYsYAM
FAN-2306653,Mikel,Spatoni,MSpatoni229@yahoo.com.fr,1973-12-24,Female,890 Cedar Street,Paris,Ile-de-France,France,75001,(467) 1632022,012IP0000001NYsYAM
FAN-2319251,Mikael,Kellen,MKellen112@gmail.com,1963-03-14,Female,4949  Pineapple St,Division,TX,United States,10987,(635) 1221795,012IP0000001NYsYAM
FAN-2373198,Mikael,Atling,MAtling39@gmail.com.fr,1981-01-17,Male,899  Elm Street,Marseille,Provence-Alpes-Côte d'Azur,France,13001,(982) 7296685,012IP0000001NYsYAM
FAN-2381532,Olivia,Fominov,OFominov73@apple.com.mx,1971-05-31,Female,123 Watermelon Street,Mexico City,Ciudad de Mexico,Mexico,6010,,012IP0000001NYsYAM
FAN-2385979,Olyvia,Tiffin,OTiffin222@gmail.com.nl,1961-04-07,Nonbinary,123  Banana Road,Amsterdam,North Holland,Netherlands,1012 RJ,(283) 9891140,012IP0000001NYsYAM
FAN-2390444,Alivia,Collihole,Olivia_Collihole@aol.com.it,,Female,789 Nectarine Way,Milan,Lombardy,Italy,20123,,012IP0000001NYsYAM
FAN-2410974,Olivia,Calbert,Olivia_Calbert@gmail.com.sa,1987-02-01,Male,606 Oak Ln,Riyadh,,Saudi Arabia,11543,(200) 8747309,012IP0000001NYsYAM
FAN-2438043,Samuelito,Rawlings,SRawlings156@yahoo.com.it,,Male,112  Pine Lane,Rome,Lazio,Italy,118,,012IP0000001NYsYAM
FAN-2453632,Sam,Oxborough,Samuel_Oxborough@yahoo.com.cz,1967-03-11,Female,909 Banana St,Prague,Prague,Czech Republic,110 00,(356) 9484182,012IP0000001NYsYAM
FAN-2522326,Sam,Doby,Samuel.Doby@mail.com.it,2007-02-03,Female,303  Elm St,Milan,Lombardy,Italy,20121,(193) 8677731,012IP0000001NYsYAM
FAN-2584299,Samuell,Styant,Samuel_Styant@aol.com.at,1986-11-26,Female,876  Coconut Court,Vienna,,Austria,1010,(825) 7705216,012IP0000001NYsYAM
FAN-2585654,Sofia,Dreus,Sophia_Dreus@yahoo.com.nl,1994-10-20,Female,790 Birch Street,Amsterdam,North Holland,Netherlands,1012 WX,(815) 6689811,012IP0000001NYsYAM
FAN-2597100,Sofia,Van Dijk,Sophia_VanDijk@yahoo.com,1961-10-11,,468 Willow Lane,Everywhere,CA,United States,54321,(643) 4597933,012IP0000001NYsYAM
FAN-2602971,Sofia,Kerridge,SKerridge44@gmail.com,1969-07-06,Nonbinary,321  Elm Street,Region,NY,United States,56789,(486) 7305887,012IP0000001NYsYAM
FAN-2609599,Sofiya,Laverty,Sophia_Laverty@hotmail.com.fr,1962-07-07,Female,234  Dragon Fruit Street,Lyon,Auvergne-Rhône-Alpes,France,69001,(569) 5641324,012IP0000001NYsYAM
FAN-2662467,Will,Hischke,WHischke70@gmail.com.mx,2006-05-29,,345  Oak Street,Mexico City,Ciudad de Mexico,Mexico,6010,(685) 6048935,012IP0000001NYsYAM
FAN-2677231,Willem,Johanchon,WJohanchon152@outlook.com.de,1962-01-25,Female,456  Oak St,Munich,Bavaria,Germany,80331,,012IP0000001NYsYAM
FAN-2697464,Willem,Phython,WPhython116@outlook.com,,Female,3141 Cedar Lane,Uptown,CA,United States,56789,,012IP0000001NYsYAM
FAN-2697595,Willem,Sircomb,William_Sircomb@aol.com.nl,,,3232 Kiwi St,Amsterdam,North Holland,Netherlands,1012 RJ,(626) 4130239,012IP0000001NYsYAM
FAN-2720996,Abbigail,Riccetti,ARiccetti116@yahoo.com.it,,,3030 Blueberry St,Milan,Lombardy,Italy,20121,(407) 8018716,012IP0000001NYsYAM
FAN-2741024,Abbigail,Tyas,Abigail_Tyas@hotmail.com.es,,,876 Coconut Court,Barcelona,Catalonia,Spain,8003,(153) 2999110,012IP0000001NYsYAM
FAN-2742716,Abigale,Annett,AAnnett120@gmail.com.nl,1975-06-05,Female,3939  Mango St,Amsterdam,North Holland,Netherlands,1015 AB,(284) 2933583,012IP0000001NYsYAM
FAN-2768906,Abigail,Crabb,ACrabb170@apple.com.de,1985-07-24,Male,679  Maple Lane,Berlin,Berlin,Germany,10115,,012IP0000001NYsYAM
FAN-2792670,Adan,Christer,AChrister74@yahoo.com.pt,,Male,101 Pine St,Lisbon,Lisbon,Portugal,1000-001,(859) 2476173,012IP0000001NYsYAM
FAN-2799224,Aidan,Laffling,Aiden.Laffling@mail.com.ca,,Male,667 Elm Lane,Montreal,QC,Canada,H2X 1Y6,,012IP0000001NYsYAM
FAN-2810948,Ayden,Sartin,ASartin78@outlook.com,1997-10-28,,357  Maple Court,Outskirts,TX,United States,87654,,012IP0000001NYsYAM
FAN-2811958,Aidan,Cush,Aiden.Cush@mail.com.dk,1998-12-18,Male,314  Cedar Way,Copenhagen,Capital Region,Denmark,1000,(680) 5747372,012IP0000001NYsYAM
FAN-2815399,Alexander,McGinney,AMcGinney87@apple.com.de,1964-05-31,Male,3838  Coconut St,Munich,Bavaria,Germany,80331,(423) 4321865,012IP0000001NYsYAM
FAN-2873227,Alexzander,Clarycott,Alexander_Clarycott@aol.com.pl,,Male,789 Birch Ave,Warsaw,,Poland,00-001,(691) 4368923,012IP0000001NYsYAM
FAN-2912347,Aleksander,Navan,ANavan213@gmail.com.rs,1992-11-26,Male,912  Pine Drive,Belgrade,Belgrade,Serbia,11000,(982) 7267300,012IP0000001NYsYAM
FAN-2934219,Alaxander,Dempsey,ADempsey209@yahoo.com.es,1983-10-16,Male,011  Oak Drive,Seville,Andalusia,Spain,41001,(100) 1582729,012IP0000001NYsYAM
FAN-2959449,Andre,Ickov,Andrew.Ickov@mail.com,2000-01-18,,135  Cedar Drive,New York,NY,United States,10001,(870) 9383980,012IP0000001NYsYAM
FAN-3003222,Andrew,Doby,ADoby48@apple.com,1987-02-27,Female,456  Papaya Place,Civic,TX,United States,10987,(193) 8677731,012IP0000001NYsYAM
FAN-3005348,Andrew,Luard,ALuard157@apple.com.mx,,Female,808 Pine Rd,Mexico City,,Mexico,6010,(311) 3215240,012IP0000001NYsYAM
FAN-3007236,Andrew,Coton,Andrew_Coton@gmail.com,1988-05-23,,543  Poplar Drive,Borough,NY,United States,43210,(924) 7928398,012IP0000001NYsYAM
FAN-3014429,Ben,Douris,Benjamin_Douris@aol.com,1985-10-17,Male,707  Pine Ave,Someplace,NY,United States,10987,(244) 6636937,012IP0000001NYsYAM
FAN-3033395,Benjamen,Badham,Benjamin_Badham@yahoo.com.de,1995-10-18,Nonbinary,101 Pine Rd,Berlin,,Germany,10178,(693) 1460665,012IP0000001NYsYAM
FAN-3046129,Ben,Sherrocks,BSherrocks209@outlook.com,1962-07-08,Male,357 Aspen Way,Someplace,NY,United States,10987,(871) 5421207,012IP0000001NYsYAM
FAN-3076198,Ben,Wellsman,Benjamin_Wellsman@hotmail.com,1999-07-27,,3141 Cedar Boulevard,Hamlet,NY,United States,87654,,012IP0000001NYsYAM
FAN-3084374,Cloe,Beacham,CBeacham37@outlook.com.ca,1960-07-05,Male,233 Elm Road,Montreal,QC,Canada,H2X 1Y6,,012IP0000001NYsYAM
FAN-3098704,Cloe,Vest,CVest6@outlook.com.dk,1990-11-13,Female,123 Oak Rd,Copenhagen,,Denmark,1000,(491) 8448562,012IP0000001NYsYAM
FAN-3100350,Chloe,Eagland,Chloe_Eagland@gmail.com,1965-08-15,Female,346  Pine Court,Chicago,IL,USA,60601,(835) 2576970,012IP0000001NYsYAM
FAN-3101105,Khloe,Cloake,Chloe_Cloake@yahoo.com.es,,,1919 Kiwi St,Barcelona,Catalonia,Spain,8001,(932) 8926913,012IP0000001NYsYAM
FAN-3152141,Kristopher,Buddleigh,Christopher_Buddleigh@yahoo.com.es,1979-09-12,Male,456 Elm Road,Barcelona,Catalonia,Spain,8001,,012IP0000001NYsYAM
FAN-3187507,Christophe,Screaton,CScreaton24@outlook.com,,Female,1234 Pine Avenue,Locale,CA,United States,10987,(414) 6068537,012IP0000001NYsYAM
FAN-3210151,Christophe,Gartell,Christopher_Gartell@aol.com.uk,1982-11-15,,123  Main St,London,England,UK,W1A 1AA,(119) 5578188,012IP0000001NYsYAM
FAN-3248800,Kristopher,Eschelle,Christopher.Eschelle@mail.com.co,2009-10-04,Female,567  Starfruit Avenue,Bogotá,,Colombia,110321,(815) 3542494,012IP0000001NYsYAM
FAN-3312849,Dan,Breeton,DBreeton16@yahoo.com.uk,2007-09-26,Male,987  Willow Circle,Manchester,England,UK,M1 4AE,(956) 2220953,012IP0000001NYsYAM
FAN-3347106,Daniell,Morphet,DMorphet186@outlook.com.be,1963-04-09,Male,321  Pomegranate Lane,Brussels,Brussels,Belgium,1000,(765) 9535701,012IP0000001NYsYAM
FAN-3383275,Danial,Le Strange,DLeStrange210@gmail.com.nl,,Nonbinary,415  Willow Avenue,Amsterdam,North Holland,Netherlands,1012 WX,(718) 2144499,012IP0000001NYsYAM
FAN-3386074,Danial,Vidler,DVidler1@gmail.com,,Male,2929  Strawberry St,Los Angeles,CA,USA,90001,,012IP0000001NYsYAM
FAN-3419281,Elizabith,Tivnan,Elizabeth_Tivnan@hotmail.com.se,2007-10-12,Male,808 Elm St,Stockholm,,Sweden,11120,(743) 8609319,012IP0000001NYsYAM
FAN-3421186,Elisabeth,Collecott,ECollecott191@gmail.com.uk,1970-07-31,Female,789 Maple Drive,London,England,United Kingdom,W1A 1AA,(153) 6068378,012IP0000001NYsYAM
FAN-3433993,Elizabith,Haville,Elizabeth_Haville@aol.com.hu,1968-08-21,Male,4343  Blackberry St,Budapest,,Hungary,1051,,012IP0000001NYsYAM
FAN-3435455,Elizabeth,Casham,Elizabeth_Casham@gmail.com.kw,1970-08-10,Male,4141  Strawberry St,Kuwait City,,Kuwait,13001,(277) 7506543,012IP0000001NYsYAM
FAN-3447873,Emily,Jereatt,EJereatt14@apple.com,1976-03-27,Female,987  Pine Road,Enclave,NY,United States,10987,(125) 8425214,012IP0000001NYsYAM
FAN-3453369,Emalee,Filippov,EFilippov174@gmail.com.ca,1978-07-01,,122 Cedar Lane,Toronto,ON,Canada,M5H 2N2,(770) 2312860,012IP0000001NYsYAM
FAN-3454038,Amelie,Perford,EPerford120@yahoo.com,1966-03-27,Male,334  Pine Street,Metropolis,CA,United States,10987,,012IP0000001NYsYAM
FAN-3480833,Emmaleigh,Skipp,Emily_Skipp@aol.com,1983-04-29,Male,9201 Maple Avenue,Quadrant,CA,United States,23456,(683) 9620602,012IP0000001NYsYAM
FAN-3503668,Emm,Lorie,ELorie205@yahoo.com,1989-06-25,Nonbinary,123  Willow Ave,City Center,NY,United States,23456,,012IP0000001NYsYAM
FAN-3535469,Emma,Aslum,Emma_Aslum@gmail.com.kr,,,1121  Elm Avenue,Seoul,Seoul,South Korea,4347,,012IP0000001NYsYAM
FAN-3540412,Ema,O'Roan,Emma_O'Roan@hotmail.com,,Female,456  Oak Avenue,Neighborhood,TX,United States,87654,(745) 2719959,012IP0000001NYsYAM
FAN-3546849,Emma,Fretwell,EFretwell24@apple.com.fr,,Male,3131  Blackberry St,Paris,Île-de-France,France,75001,,012IP0000001NYsYAM
FAN-3556696,Eitan,McGarrie,Ethan_McGarrie@yahoo.com.fr,1999-04-21,,123  Cedar Avenue,Paris,Ile-de-France,France,75001,(329) 9793519,012IP0000001NYsYAM
FAN-3563123,Ethen,Smalley,ESmalley134@outlook.com,2005-07-16,Male,516 Oak Drive,Division,CA,United States,87654,(550) 8735231,012IP0000001NYsYAM
FAN-3566269,Athan,Hobbert,EHobbert191@yahoo.com,,Female,3141  Cedar Boulevard,Province,CA,United States,10987,,012IP0000001NYsYAM
FAN-3574508,Ethen,Bothe,Ethan_Bothe@hotmail.com.au,,Male,202  Cedar St,Sydney,New South Wales,Australia,2000,,012IP0000001NYsYAM
FAN-3587425,Greys,Roddell,Grace_Roddell@aol.com.pt,,Male,123 Cedar Avenue,Lisbon,Lisbon,Portugal,1000-001,(968) 4051688,012IP0000001NYsYAM
FAN-3627891,Grayce,Bailess,GBailess148@gmail.com.es,1976-01-25,Male,568  Cedar Drive,Madrid,Community of Madrid,Spain,28005,,012IP0000001NYsYAM
FAN-3651555,Grayce,Harbertson,Grace.Harbertson@mail.com.dk,1996-07-03,Female,789 Grape Way,Copenhagen,Capital Region,Denmark,1000,(688) 4064696,012IP0000001NYsYAM
FAN-3652969,Greys,Mabee,GMabee200@outlook.com.it,1998-06-12,Male,5161  Birch Road,Rome,,Italy,118,,012IP0000001NYsYAM
FAN-3671488,Isabela,Scintsbury,IScintsbury115@outlook.com.de,1984-08-17,Female,678 Pine Drive,Munich,Bavaria,Germany,80331,(691) 3841585,012IP0000001NYsYAM
FAN-3708832,Izabella,Bedson,Isabella.Bedson@mail.com.hu,,Male,3535 Pomegranate St,Budapest,Budapest,Hungary,1051,(758) 6250474,012IP0000001NYsYAM
FAN-3738861,Isabela,Wenzel,Isabella_Wenzel@aol.com,1976-03-13,Female,1234 Oak Street,Cityville,TX,United States,98765,(720) 6116345,012IP0000001NYsYAM
FAN-3749804,Isabela,Brotherwood,IBrotherwood173@outlook.com,2000-01-27,Male,505  Walnut St,Nowheresville,TX,United States,23456,(260) 6973857,012IP0000001NYsYAM
FAN-3752631,Jaymz,Allitt,James_Allitt@hotmail.com,,Male,468  Willow Lane,Quadrant,CA,United States,56789,(953) 5071129,012IP0000001NYsYAM
FAN-3768183,Jaymz,Excell,James_Excell@hotmail.com.fr,1971-04-22,Female,543  Berry Road,Paris,,France,75001,(438) 6395374,012IP0000001NYsYAM
FAN-3793988,Jaymz,Drinkale,James_Drinkale@hotmail.com.es,1978-01-06,,890 Raspberry Lane,Barcelona,Catalonia,Spain,8002,,012IP0000001NYsYAM
FAN-3803300,James,Pearl,James_Pearl@gmail.com.pt,1987-01-21,Male,456 Orange Court,Lisbon,Lisbon,Portugal,1200-001,,012IP0000001NYsYAM
FAN-3821647,Jozef,Shreeve,Joseph_Shreeve@aol.com.pt,2008-05-28,,543  Cherry Blossom Drive,Lisbon,,Portugal,1100-150,(463) 9953438,012IP0000001NYsYAM
FAN-3848921,Jozef,Mobbs,Joseph_Mobbs@hotmail.com,1963-11-27,Male,654 Pine Road,Nowheresville,TX,United States,23456,(656) 5869354,012IP0000001NYsYAM
FAN-3858351,Joseph,Robottom,JRobottom175@apple.com.pt,1976-03-15,,234 Birch Lane,Porto,Porto,Portugal,4050-481,(604) 5341979,012IP0000001NYsYAM
FAN-3884983,Jozef,Garter,JGarter10@outlook.com.nl,1988-03-08,Female,123  Oak Rd,Rotterdam,South Holland,Netherlands,3012 BN,(339) 1607370,012IP0000001NYsYAM
FAN-3902228,Catherine,Perryn,Katherine_Perryn@aol.com.nl,1977-08-18,,654 Guava Road,Amsterdam,North Holland,Netherlands,1015 AB,(565) 5767284,012IP0000001NYsYAM
FAN-3943223,Katarina,Asbury,Katherine_Asbury@hotmail.com.rs,1999-10-16,Nonbinary,2121 Papaya St,Belgrade,Belgrade,Serbia,11000,,012IP0000001NYsYAM
FAN-3949120,Katherine,Ketteridge,KKetteridge172@apple.com.fr,1967-08-21,Male,901  Birch Road,Marseille,Provence-Alpes-Côte d'Azur,France,13001,,012IP0000001NYsYAM
FAN-3954535,Katherine,Stopforth,KStopforth66@apple.com.nl,1999-09-18,Female,2121  Papaya St,Utrecht,Utrecht,Netherlands,3511 WB,(466) 1945630,012IP0000001NYsYAM
FAN-3959601,Lili,Iacovides,LIacovides132@outlook.com.ru,1972-08-08,Male,234 Dragon Fruit Street,Moscow,Moscow,Russia,101000,,012IP0000001NYsYAM
FAN-3961981,Lilly,Coton,LCoton143@yahoo.com.pl,1961-06-05,,4444 Kiwi St,Warsaw,Masovian Voivodeship,Poland,00-001,,012IP0000001NYsYAM
FAN-3982094,Lily,Feveryear,Lily_Feveryear@gmail.com.ch,1981-02-03,Female,303  Birch St,Zurich,Zurich,Switzerland,8001,(186) 3915241,012IP0000001NYsYAM
FAN-3984236,Lily,O'Reilly,LO'Reilly236@apple.com,2010-01-19,Male,456  Cedar St,Locale,TX,United States,23456,(529) 8043043,012IP0000001NYsYAM
FAN-3991804,Madison,Huntley,MHuntley235@apple.com,1964-02-01,,246 Birch Court,Nowhereville,TX,United States,56789,(121) 6172647,012IP0000001NYsYAM
FAN-3992782,Madison,Knappitt,MKnappitt82@apple.com.it,1981-03-25,,679 Maple Lane,Turin,Piedmont,Italy,10121,(134) 9507331,012IP0000001NYsYAM
FAN-4006863,Madisyn,Cast,MCast218@gmail.com.at,1988-12-17,Female,808 Mango St,Vienna,Vienna,Austria,1010,,012IP0000001NYsYAM
FAN-4039618,Madison,Ridler,MRidler209@apple.com.at,2007-02-16,,4040 Raspberry St,Vienna,Vienna,Austria,1010,(981) 9439506,012IP0000001NYsYAM
FAN-4052700,Matthieu,Balloch,MBalloch99@outlook.com.jp,1984-11-19,,8191  Oak Court,Osaka,,Japan,530-0001,(941) 4651649,012IP0000001NYsYAM
FAN-4064652,Matthieu,Bradwell,Matthew_Bradwell@aol.com.ru,1957-06-10,,680  Pine Avenue,Moscow,,Russia,101000,(649) 7721686,012IP0000001NYsYAM
FAN-4071192,Mathew,Melland,Matthew_Melland@yahoo.com.ru,,Male,789 Cedar Rd,Moscow,,Russia,101000,(412) 8503264,012IP0000001NYsYAM
FAN-4106602,Matthieu,Beat,Matthew_Beat@aol.com,1996-11-20,,2222  Pomegranate St,Precinct,NY,United States,10987,,012IP0000001NYsYAM
FAN-4114651,Michal,Isherwood,Michael_Isherwood@aol.com,1994-04-19,Male,910 Elm Way,Block,NY,United States,87654,,012IP0000001NYsYAM
FAN-4178110,Michal,Widdison,Michael_Widdison@aol.com.fr,,Male,789 Maple Ln,Paris,,France,75001,(523) 2103042,012IP0000001NYsYAM
FAN-4249771,Mikael,Walter,Michael_Walter@yahoo.com.cz,1966-05-26,Male,404  Pine Ave,Prague,,Czech Republic,110 00,,012IP0000001NYsYAM
FAN-4256097,Mikael,Robottom,Michael_Robottom@yahoo.com.es,,Male,789  Oak Street,Seville,Andalusia,Spain,41001,,012IP0000001NYsYAM
FAN-4260800,Alivia,Zuker,OZuker83@outlook.com.kr,,Female,1234  Oak Street,Seoul,Seoul,South Korea,4534,(147) 1318802,012IP0000001NYsYAM
FAN-4271837,Alivia,Haggarth,Olivia_Haggarth@aol.com.pl,1985-12-21,Female,3434  Papaya St,Warsaw,Masovian Voivodeship,Poland,00-001,(873) 5891758,012IP0000001NYsYAM
FAN-4288380,Alivia,Cardoo,Olivia_Cardoo@aol.com.es,1987-10-13,Female,654 Lime Lane,Madrid,Community of Madrid,Spain,28046,(516) 9955165,012IP0000001NYsYAM
FAN-4366191,Olivia,Mustoo,OMustoo116@apple.com,,Female,789 Elm Lane,Cityscape,NY,United States,87654,,012IP0000001NYsYAM
FAN-4417821,Sam,Trowell,Samuel.Trowell@mail.com,,Male,314 Aspen Street,Quadrant,TX,United States,10987,,012IP0000001NYsYAM
FAN-4443492,Samuel,Luety,SLuety103@apple.com.es,1968-04-13,,808  Mango St,Barcelona,Catalonia,Spain,8001,(847) 9829828,012IP0000001NYsYAM
FAN-4473215,Sam,Dumbrall,Samuel_Dumbrall@yahoo.com,1972-08-31,Male,404  Willow Rd,District,CA,United States,87654,(653) 9848252,012IP0000001NYsYAM
FAN-4487222,Sam,Moppett,Samuel_Moppett@yahoo.com.es,1972-10-08,Female,210  Pineapple Express,Madrid,,Spain,28001,,012IP0000001NYsYAM
FAN-4493681,Sofia,Beszant,Sophia.Beszant@mail.com,2006-12-04,Male,123 Main Street,New York,NY,USA,10001,(424) 8172085,012IP0000001NYsYAM
FAN-4502391,Sofia,Presidey,SPresidey202@gmail.com,1987-04-02,,789 Oak Street,Chicago,IL,USA,60601,(467) 5381165,012IP0000001NYsYAM
FAN-4507538,Soffia,Fooks,SFooks217@outlook.com.se,1973-02-27,,987 Apple Street,Stockholm,Stockholm,Sweden,11120,(280) 5856762,012IP0000001NYsYAM
FAN-4546736,Sofia,Douris,Sophia.Douris@mail.com.ar,,,707 Pine Ave,Buenos Aires,,Argentina,C1002ABC,(244) 6636937,012IP0000001NYsYAM
FAN-4585835,Willem,Jones,William_Jones@aol.com.kw,1983-06-15,Female,707 Maple St,Kuwait City,,Kuwait,13001,(253) 2463197,012IP0000001NYsYAM
FAN-4609141,Willem,Gabitis,WGabitis108@outlook.com.se,1972-01-02,,3535  Pomegranate St,Stockholm,Stockholm,Sweden,11120,(483) 3473414,012IP0000001NYsYAM
FAN-4621006,Will,Gynni,William_Gynni@yahoo.com.ca,1980-09-27,Female,556 Cedar Avenue,Toronto,ON,Canada,M5H 2N2,(956) 4834035,012IP0000001NYsYAM
FAN-4624515,Willem,Dewick,WDewick76@outlook.com,,Female,718 Pine Boulevard,Precinct,NY,United States,10987,(416) 7049843,012IP0000001NYsYAM
FAN-4631058,Abigail,Goodley,AGoodley104@apple.com.pt,1973-05-13,Male,987 Passionfruit Drive,Lisbon,Lisbon,Portugal,1600-001,(710) 6354081,012IP0000001NYsYAM
FAN-4648879,Abigail,Cinnamond,Abigail_Cinnamond@gmail.com.pt,1985-11-30,,788  Cedar Road,Lisbon,Lisbon,Portugal,1200-001,,012IP0000001NYsYAM
FAN-4653087,Abigale,Tourry,Abigail.Tourry@mail.com.fi,2000-05-18,Female,718  Pine Boulevard,Helsinki,Uusimaa,Finland,100,,012IP0000001NYsYAM
FAN-4694466,Abigale,Jouandet,Abigail.Jouandet@mail.com.uk,,,246 Oakwood Lane,Manchester,England,UK,M1 4AE,(122) 6276272,012IP0000001NYsYAM
FAN-4748204,Ayden,Ox,AOx8@outlook.com.de,1997-07-14,,456  Cedar Road,Berlin,Berlin,Germany,10115,(935) 8403090,012IP0000001NYsYAM
FAN-4760490,Aidan,Gritskov,Aiden_Gritskov@yahoo.com.be,,,4747 Pomegranate St,Brussels,Brussels,Belgium,1000,(685) 5503178,012IP0000001NYsYAM
FAN-4774750,Aidan,Sparsholt,ASparsholt194@gmail.com.it,1968-12-22,Female,210 Pineapple Express,Milan,Lombardy,Italy,20121,(666) 7031390,012IP0000001NYsYAM
FAN-4786451,Ayden,Guinan,Aiden_Guinan@hotmail.com.ae,1997-11-14,Male,606  Cedar St,Dubai,,United Arab Emirates,12345,(419) 5479448,012IP0000001NYsYAM
FAN-4794615,Alaxander,Attwoull,Alexander_Attwoull@hotmail.com.fr,1984-05-05,,123  Plum Avenue,Lyon,Auvergne-Rhône-Alpes,France,69001,(739) 1202240,012IP0000001NYsYAM
FAN-4812257,Alexzander,Ivashkov,Alexander_Ivashkov@hotmail.com.se,1956-06-23,Male,1313 Lemon St,Stockholm,Stockholm,Sweden,11120,,012IP0000001NYsYAM
FAN-4816003,Aleksander,Juckes,Alexander.Juckes@mail.com,1969-07-26,Male,314 Cedar Way,Sector,NY,United States,56789,(750) 9509090,012IP0000001NYsYAM
FAN-4821689,Aleksander,Dinsdale,Alexander_Dinsdale@yahoo.com.nl,1976-01-04,Male,920  Elm Road,Amsterdam,,Netherlands,1012 JS,,012IP0000001NYsYAM
FAN-4846480,Andre,Cullingford,Andrew.Cullingford@mail.com.ca,1962-05-14,Female,101  Pine Rd,Toronto,ON,Canada,M5H 2N2,,012IP0000001NYsYAM
FAN-4856255,Andreas,Brodley,Andrew_Brodley@aol.com.at,1960-06-28,Male,3333  Avocado St,Vienna,Vienna,Austria,1010,(404) 3121043,012IP0000001NYsYAM
FAN-4876744,Andrew,Silversmid,Andrew_Silversmid@gmail.com,1969-09-01,Female,516  Birch Street,Hometown,TX,United States,23456,(696) 6553311,012IP0000001NYsYAM
FAN-4899454,Andreas,Acey,AAcey226@outlook.com.uk,1964-09-17,,123  Pine Avenue,Manchester,England,UK,M1 4AE,(877) 7896343,012IP0000001NYsYAM
FAN-4912460,Bennjamin,Searby,BSearby94@yahoo.com.ru,,Female,234  Cedar Court,Moscow,Moscow,Russia,101000,,012IP0000001NYsYAM
FAN-4931307,Benjamen,Chiechio,Benjamin.Chiechio@mail.com.be,1958-03-23,Male,606 Cedar Ave,Brussels,,Belgium,1000,(891) 6482676,012IP0000001NYsYAM
FAN-4935652,Benjamen,Turland,Benjamin_Turland@yahoo.com.kr,1980-11-30,Female,123 Willow Ave,Seoul,,South Korea,4526,(929) 2985615,012IP0000001NYsYAM
FAN-4945909,Benjamen,Boriston,Benjamin.Boriston@mail.com.uk,1994-10-23,Male,765  Redwood Avenue,Manchester,England,UK,M1 4AE,(168) 9978101,012IP0000001NYsYAM
FAN-4961949,Cloe,Borrill,Chloe_Borrill@aol.com.dk,1996-09-05,Male,765  Blackberry Way,Copenhagen,Capital Region,Denmark,1000,(941) 5951424,012IP0000001NYsYAM
FAN-4979379,Khloe,Devita,CDevita185@gmail.com.es,1965-06-18,Female,303 Elm St,Madrid,,Spain,28001,(486) 9434533,012IP0000001NYsYAM
FAN-5011491,Cleo,Collingridge,CCollingridge71@yahoo.com.es,2000-10-20,Female,233  Elm Road,Madrid,Community of Madrid,Spain,28046,(806) 1677856,012IP0000001NYsYAM
FAN-5012641,Cloe,Walch,CWalch9@outlook.com.ca,2000-08-03,Male,432  Mango Way,Montreal,QC,Canada,H2X 1Y6,(194) 8430734,012IP0000001NYsYAM
FAN-5021721,Kristopher,Extil,Christopher.Extil@mail.com,2007-06-30,Nonbinary,789  Kiwi Avenue,Nowhereville,TX,United States,56789,,012IP0000001NYsYAM
FAN-5044681,Christopher,Nisby,Christopher_Nisby@gmail.com.pt,1982-03-14,,404 Birch St,Lisbon,,Portugal,1100-150,(465) 1250527,012IP0000001NYsYAM
FAN-5092760,Christophe,Pellitt,CPellitt132@outlook.com,1994-12-28,Female,5678 Cedar Road,Sector,TX,United States,56789,(974) 1291081,012IP0000001NYsYAM
FAN-5094783,Krystoffer,Warland,CWarland36@yahoo.com.kr,1957-12-02,Male,909 Oak Ln,Seoul,,South Korea,4526,,012IP0000001NYsYAM
FAN-5102264,Danial,Houseago,DHouseago81@gmail.com.es,1977-04-16,,505  Maple Ln,Barcelona,Catalonia,Spain,8003,,012IP0000001NYsYAM
FAN-5108571,Danial,Oyley,DOyley98@gmail.com.hu,1970-01-11,Nonbinary,987  Apple Street,Budapest,Budapest,Hungary,1051,(188) 5949572,012IP0000001NYsYAM
FAN-5108806,Daniel,Boldero,DBoldero124@apple.com.jp,1991-05-04,Male,876 Cranberry Avenue,Osaka,Osaka,Japan,540-0002,(567) 2383625,012IP0000001NYsYAM
FAN-5135309,Daniell,Discombe,Daniel_Discombe@aol.com.de,2006-12-10,Nonbinary,890 Lychee Lane,Berlin,Berlin,Germany,10115,(787) 3320439,012IP0000001NYsYAM
FAN-5177054,Elizabeth,Smees,Elizabeth_Smees@gmail.com.pt,,Male,101  Maple Ave,Lisbon,Lisbon,Portugal,1000-001,(766) 5984231,012IP0000001NYsYAM
FAN-5194773,Elisabeth,Esposita,EEsposita83@gmail.com.es,1982-04-26,Male,876  Fir Boulevard,Madrid,Community of Madrid,Spain,28001,(516) 2520835,012IP0000001NYsYAM
FAN-5213371,Elizabith,Percival,Elizabeth_Percival@hotmail.com,,,819 Oak Lane,Neighborhood,TX,United States,87654,(174) 9963966,012IP0000001NYsYAM
FAN-5241210,Elisabeth,Loffel,Elizabeth.Loffel@mail.com,1965-07-24,Male,321 Elm Street,Everyville,CA,United States,98765,(357) 7597543,012IP0000001NYsYAM
FAN-5296137,Emily,Hendin,Emily_Hendin@gmail.com,1994-12-16,,1234 Oak Place,Downtown,CA,United States,54321,(729) 1569585,012IP0000001NYsYAM
FAN-5337461,Emmaleigh,Buxton,Emily_Buxton@aol.com,2007-09-08,Male,456 Elm Street,Los Angeles,CA,USA,90001,(258) 8498474,012IP0000001NYsYAM
FAN-5338519,Emily,Geraudel,EGeraudel5@apple.com,,Male,617 Aspen Road,Enclave,NY,United States,10987,(441) 4756626,012IP0000001NYsYAM
FAN-5346857,Emily,Gisburn,Emily_Gisburn@gmail.com.fi,1956-09-19,,1121  Birch Lane,Helsinki,,Finland,100,,012IP0000001NYsYAM
FAN-5380231,Ema,Sheers,Emma_Sheers@hotmail.com,1991-12-27,Female,457  Oakwood Avenue,Countryside,TX,United States,10987,(226) 2772504,012IP0000001NYsYAM
FAN-5404908,Ema,Lefwich,Emma_Lefwich@hotmail.com.uk,,,654  Pine Road,London,England,United Kingdom,W1A 1AA,(666) 5950648,012IP0000001NYsYAM
FAN-5424532,Emma,Hannabus,EHannabus35@apple.com,1968-11-26,Female,456  Maple St,Precinct,CA,United States,23456,,012IP0000001NYsYAM
FAN-5429490,Emmah,Arrington,Emma_Arrington@yahoo.com,2003-10-22,Male,456  Oak St,Townsville,NY,United States,12345,(193) 5340006,012IP0000001NYsYAM
FAN-5452841,Ethan,Vautier,EVautier230@apple.com.nl,,,912 Pine Drive,Utrecht,Utrecht,Netherlands,3511 WB,(717) 1214735,012IP0000001NYsYAM
FAN-5475271,Ethen,Treske,Ethan_Treske@hotmail.com,1978-06-18,Male,8191 Oak Boulevard,Zone,NY,United States,87654,(961) 1265183,012IP0000001NYsYAM
FAN-5518568,Eitan,Tireman,Ethan.Tireman@mail.com.ae,1963-01-26,Female,808 Birch Ave,Dubai,,United Arab Emirates,12345,,012IP0000001NYsYAM
FAN-5532874,Ethen,Phinn,Ethan_Phinn@aol.com.uk,2002-10-09,Female,889  Maple Street,London,,United Kingdom,W1A 1AA,(799) 7396488,012IP0000001NYsYAM
FAN-5549789,Gracie,Stucke,GStucke148@yahoo.com.ru,1998-12-06,Male,112  Elm Lane,Moscow,Moscow,Russia,101000,(172) 4081334,012IP0000001NYsYAM
FAN-5577886,Greys,McPolin,Grace_McPolin@hotmail.com.es,,Female,123  Watermelon Street,Madrid,Community of Madrid,Spain,28001,(153) 2686905,012IP0000001NYsYAM
FAN-5580824,Grayce,Geane,GGeane192@gmail.com.ru,1962-11-17,Male,876 Fir Boulevard,Moscow,Moscow,Russia,101000,(311) 4609825,012IP0000001NYsYAM
FAN-5582393,Grayce,Keers,Grace_Keers@yahoo.com,1994-11-11,Male,135 Redwood Blvd,Somewhereton,CA,United States,43210,,012IP0000001NYsYAM
FAN-5616515,Isabela,Gilchrist,Isabella_Gilchrist@hotmail.com.fr,1984-10-08,Female,404  Birch St,Paris,Ile-de-France,France,75002,(531) 4448084,012IP0000001NYsYAM
FAN-5630273,Izabella,Nazareth,Isabella.Nazareth@mail.com.ca,2008-08-03,Nonbinary,791  Oak Lane,Toronto,ON,Canada,M5H 2N2,(591) 2029574,012IP0000001NYsYAM
FAN-5641799,Isabela,Andreu,Isabella_Andreu@aol.com,1960-02-24,Female,819  Oak Lane,Los Angeles,CA,United States,90001,(261) 4366113,012IP0000001NYsYAM
FAN-5646890,Isabela,Ruselin,Isabella_Ruselin@hotmail.com,1978-12-04,Female,920 Elm Road,Zone,TX,United States,87654,(692) 6850377,012IP0000001NYsYAM
FAN-5682181,Jaymes,Bedham,James.Bedham@mail.com.be,1970-01-27,Female,5678  Maple Street,Brussels,Brussels,Belgium,1000,(273) 7794240,012IP0000001NYsYAM
FAN-5684079,Jaymes,Batter,James_Batter@yahoo.com.br,1972-01-05,Female,808  Birch Ave,Rio de Janeiro,,Brazil,20040-002,(798) 5248792,012IP0000001NYsYAM
FAN-5698447,Jaymz,Billison,James_Billison@hotmail.com.hr,2010-03-31,,2525 Coconut St,Zagreb,Zagreb,Croatia,10000,,012IP0000001NYsYAM
FAN-5711714,Jaymz,Sharrock,JSharrock127@yahoo.com.es,1963-02-21,,778  Birch Road,Barcelona,Catalonia,Spain,8001,(333) 4193263,012IP0000001NYsYAM
FAN-5716145,Jozef,Pybworth,Joseph_Pybworth@aol.com.br,1977-09-19,,765 Blackberry Way,Sao Paulo,Sao Paulo,Brazil,01310-100,(316) 8686105,012IP0000001NYsYAM
FAN-5719268,Josef,Huke,Joseph.Huke@mail.com.pt,1969-06-26,Female,890  Cedar Street,Lisbon,Lisbon,Portugal,1500-001,(674) 9556343,012IP0000001NYsYAM
FAN-5725845,Jozef,Crisell,JCrisell162@outlook.com.it,1973-08-28,Female,7181  Willow Street,Rome,,Italy,153,(709) 3748435,012IP0000001NYsYAM
FAN-5733546,Jozef,Dillet,Joseph_Dillet@aol.com.uk,,Female,505 Walnut St,London,England,United Kingdom,W1A 1AA,,012IP0000001NYsYAM
FAN-5794849,Katarina,Fawlks,KFawlks171@yahoo.com.nl,1996-03-29,Male,432 Sycamore Street,Amsterdam,North Holland,Netherlands,1012 AB,(492) 3273399,012IP0000001NYsYAM
FAN-5842090,Katarina,Vasilov,Katherine_Vasilov@hotmail.com,1992-09-20,Male,123 Main Street,New York,NY,United States,10001,,012IP0000001NYsYAM
FAN-5846137,Catherine,Turmell,Katherine_Turmell@aol.com.de,1961-07-13,Male,567 Blueberry Road,Munich,Bavaria,Germany,80331,,012IP0000001NYsYAM
FAN-5857056,Catherine,Platfoot,Katherine_Platfoot@hotmail.com.de,1986-05-29,,900  Pine Road,Munich,Bavaria,Germany,80331,(473) 3539157,012IP0000001NYsYAM
FAN-5891463,Lilly,Honniebal,Lily_Honniebal@hotmail.com.es,1993-07-22,Male,3333 Avocado St,Barcelona,Catalonia,Spain,8001,(902) 8476304,012IP0000001NYsYAM
FAN-5965623,Lilly,Corbally,Lily_Corbally@hotmail.com.jp,1964-12-11,Female,543 Poplar Drive,Tokyo,Tokyo,Japan,100-0001,,012IP0000001NYsYAM
FAN-5974286,Lily,Fullerton,Lily_Fullerton@gmail.com,1967-12-01,Female,223  Maple Drive,New York,NY,United States,10001,(737) 5972879,012IP0000001NYsYAM
FAN-5994508,Lillie,Isack,LIsack42@gmail.com.gr,,Female,789  Birch Ave,Athens,Attica,Greece,105 64,(822) 1977253,012IP0000001NYsYAM
FAN-6026267,Madyson,Ridhole,MRidhole16@yahoo.com.br,1964-10-28,Female,987 Pine Road,Rio de Janeiro,Rio de Janeiro,Brazil,20000-001,,012IP0000001NYsYAM
FAN-6038732,Madisyn,Leithgoe,Madison_Leithgoe@yahoo.com.es,2006-07-14,Male,1616 Raspberry St,Seville,Andalusia,Spain,41001,(560) 4791042,012IP0000001NYsYAM
FAN-6069281,Madison,Organer,Madison_Organer@gmail.com.br,1983-04-07,,606 Birch St,Rio de Janeiro,,Brazil,20040-002,,012IP0000001NYsYAM
FAN-6081319,Maddison,Dolley,Madison_Dolley@aol.com.ch,2008-12-30,Male,432  Sycamore Street,Zurich,,Switzerland,8001,(352) 2198585,012IP0000001NYsYAM
FAN-6120777,Matthieu,Acres,MAcres23@outlook.com.fi,1960-12-24,Female,456 Maple St,Helsinki,,Finland,100,(586) 6161600,012IP0000001NYsYAM
FAN-6159792,Matthew,Amberson,MAmberson18@apple.com.it,1979-09-10,,404 Willow Rd,Rome,,Italy,153,(634) 8565359,012IP0000001NYsYAM
FAN-6175585,Matthieu,Geaves,Matthew_Geaves@aol.com.pt,2009-09-03,,321  Elm Street,Lisbon,Lisbon,Portugal,1000-001,,012IP0000001NYsYAM
FAN-6181985,Matthew,Klesse,Matthew_Klesse@gmail.com,,,456 Oak Avenue,Los Angeles,CA,United States,90001,(747) 5591028,012IP0000001NYsYAM
FAN-6192922,Michal,Noller,Michael_Noller@aol.com.at,,,4848  Watermelon St,Vienna,Vienna,Austria,1010,,012IP0000001NYsYAM
FAN-6213345,Mikael,Chiechio,Michael_Chiechio@yahoo.com.dk,1995-01-13,,3737 Pineapple St,Copenhagen,Capital Region,Denmark,1000,(130) 4906745,012IP0000001NYsYAM
FAN-6217413,Michal,Robley,Michael_Robley@aol.com,1965-01-14,Male,202  Elm St,New York,NY,USA,10001,(480) 1076437,012IP0000001NYsYAM
FAN-6217465,Michal,Ridder,Michael_Ridder@hotmail.com,1993-02-11,Nonbinary,9201 Maple Way,Region,NY,United States,56789,(644) 1778617,012IP0000001NYsYAM
FAN-6246845,Alivia,Wardhaw,Olivia_Wardhaw@hotmail.com.dk,1957-01-23,Female,707 Pineapple St,Copenhagen,Capital Region,Denmark,1000,,012IP0000001NYsYAM
FAN-6274921,Olyvia,A'Barrow,Olivia_A'Barrow@yahoo.com.fr,1992-12-28,Female,543 Cherry Blossom Drive,Paris,Ile-de-France,France,75002,(266) 6503831,012IP0000001NYsYAM
FAN-6285208,Alyvia,Jones,Olivia_Jones@hotmail.com.fr,1993-06-15,Female,1818 Blackberry St,Lyon,Auvergne-Rhône-Alpes,France,69001,(253) 2463197,012IP0000001NYsYAM
FAN-6312582,Olyvia,Bodega,Olivia.Bodega@mail.com.de,1966-03-04,,202 Cedar Ln,Berlin,,Germany,10115,(405) 5853389,012IP0000001NYsYAM
FAN-6313568,Samuell,Georgeon,Samuel_Georgeon@hotmail.com.fr,,,234  Avocado Drive,Paris,Ile-de-France,France,75001,(669) 9857655,012IP0000001NYsYAM
FAN-6320785,Sam,Atton,Samuel.Atton@mail.com,1977-10-09,Female,789  Grape Way,Sector,TX,United States,56789,,012IP0000001NYsYAM
FAN-6322324,Samuell,Hulett,SHulett240@outlook.com.cz,1959-06-03,Female,2828  Raspberry St,Prague,Prague,Czech Republic,110 00,(378) 5691085,012IP0000001NYsYAM
FAN-6326306,Samuell,Ticehurst,Samuel_Ticehurst@aol.com.ca,1960-03-09,Male,654 Birch Lane,Montreal,QC,Canada,H2X 1Y6,,012IP0000001NYsYAM
FAN-6401003,Sofiya,Sobtka,Sophia_Sobtka@hotmail.com.fr,2000-10-05,Male,567  Blueberry Road,Lyon,Auvergne-Rhône-Alpes,France,69001,(149) 4240292,012IP0000001NYsYAM
FAN-6403070,Sofia,Haws,Sophia.Haws@mail.com.uk,,,123  Main Street,London,England,UK,W1A 1AA,(440) 1967606,012IP0000001NYsYAM
FAN-6429699,Sofia,Forkan,SForkan43@gmail.com.br,2009-01-06,Female,606 Cedar St,Rio de Janeiro,,Brazil,20040-002,,012IP0000001NYsYAM
FAN-6443902,Sofia,Flockhart,SFlockhart224@gmail.com,1960-02-27,Nonbinary,5050  Coconut St,Nowhere,NY,United States,54321,,012IP0000001NYsYAM
FAN-6446029,Will,Geekie,William.Geekie@mail.com.de,,,456  Elm Street,Munich,Bavaria,Germany,80331,(568) 2797064,012IP0000001NYsYAM
FAN-6452215,Willem,McKaile,William_McKaile@hotmail.com.hu,1970-06-30,Female,1313  Lemon St,Budapest,Budapest,Hungary,1051,(985) 3289767,012IP0000001NYsYAM
FAN-6556632,Guillermo,Trevena,William_Trevena@hotmail.com,1973-12-25,,303  Pine Rd,Zone,TX,United States,87654,(928) 1851130,012IP0000001NYsYAM
FAN-6556996,Will,Zelley,WZelley93@gmail.com.kr,1993-10-27,Male,456 Papaya Place,Seoul,Seoul,South Korea,4347,(326) 1576357,012IP0000001NYsYAM
FAN-6563416,Abigayle,Airton,AAirton87@outlook.com.fr,,Female,899 Elm Street,Marseille,Provence-Alpes-Côte d'Azur,France,13001,,012IP0000001NYsYAM
FAN-6588568,Abigail,Mills,AMills117@apple.com.jp,2002-09-09,Female,789  Maple Drive,Osaka,Osaka,Japan,540-0002,,012IP0000001NYsYAM
FAN-6609153,Abigale,Bengoechea,Abigail_Bengoechea@yahoo.com,,,303  Willow St,Villageville,CA,United States,54321,,012IP0000001NYsYAM
FAN-6610302,Abigale,Thoresbie,Abigail_Thoresbie@yahoo.com.it,1993-01-19,,890  Lychee Lane,Turin,Piedmont,Italy,10121,(259) 7387043,012IP0000001NYsYAM
FAN-6611727,Aidan,Reisenstein,AReisenstein185@gmail.com.jp,1960-12-06,Male,415  Elm Court,Tokyo,,Japan,100-0001,,012IP0000001NYsYAM
FAN-6612908,Aidan,Baumert,Aiden_Baumert@yahoo.com.dk,1981-09-20,Male,801  Elm Road,Copenhagen,,Denmark,1000,(998) 1990187,012IP0000001NYsYAM
FAN-6619778,Ayden,Penwarden,Aiden_Penwarden@aol.com.de,1999-03-22,,456 Oak St,Berlin,Berlin,Germany,10115,(159) 5209015,012IP0000001NYsYAM
FAN-6632248,Aidan,Gonsalo,Aiden.Gonsalo@mail.com.es,1961-07-21,,789  Nectarine Way,Madrid,Madrid,Spain,28001,,012IP0000001NYsYAM
FAN-6641977,Alexzander,Harbert,AHarbert100@outlook.com,1986-02-18,,505  Willow Ln,Block,NY,United States,87654,(412) 1643804,012IP0000001NYsYAM
FAN-6663233,Aleksander,Sextie,ASextie96@gmail.com.es,1973-08-28,Female,234 Cedar Court,Madrid,Community of Madrid,Spain,28001,(498) 7338743,012IP0000001NYsYAM
FAN-6692229,Alaxander,Isaq,Alexander_Isaq@hotmail.com.uk,1959-01-11,,909  Elm Ln,London,England,UK,W1A 1AA,,012IP0000001NYsYAM
FAN-6710162,Aleksander,Lokier,Alexander.Lokier@mail.com.es,,,346 Pine Court,Seville,Andalusia,Spain,41001,(966) 4945865,012IP0000001NYsYAM
FAN-6710556,Andre,Townsend,Andrew_Townsend@yahoo.com.sg,1960-06-26,Male,456  Maple Ave,Singapore,,Singapore,179805,(827) 6762732,012IP0000001NYsYAM
FAN-6712707,Andreas,McVicker,Andrew_McVicker@aol.com.cz,1981-12-09,Female,101 Cedar Rd,Prague,,Czech Republic,110 00,(217) 5374811,012IP0000001NYsYAM
FAN-6719098,Andreas,Alekseicik,Andrew_Alekseicik@hotmail.com.ca,1983-12-30,Male,456  Elm Road,Vancouver,BC,Canada,V6B 4Y8,(941) 8419940,012IP0000001NYsYAM
FAN-6773409,Andreas,Hitter,Andrew_Hitter@hotmail.com.it,2001-11-08,Male,457 Oakwood Avenue,Rome,Lazio,Italy,118,(874) 1526131,012IP0000001NYsYAM
FAN-6797746,Benjamen,Batistelli,BBatistelli67@gmail.com.de,1978-06-30,Female,567 Maple Lane,Berlin,Berlin,Germany,10115,,012IP0000001NYsYAM
FAN-6806240,Benjamen,Ruddle,Benjamin.Ruddle@mail.com,1989-01-18,,123 Main St,New York,NY,United States,10001,(932) 5545246,012IP0000001NYsYAM
FAN-6806930,Bennjamin,Petschel,BPetschel148@yahoo.com,1987-05-18,Male,112 Pine Lane,Division,TX,United States,10987,,012IP0000001NYsYAM
FAN-6841199,Ben,Exposito,Benjamin_Exposito@hotmail.com,,,1121  Elm Road,Precinct,TX,United States,23456,(393) 2992673,012IP0000001NYsYAM
FAN-6851460,Khloe,Dederick,Chloe.Dederick@mail.com.fr,,Nonbinary,101 Maple Ave,Paris,,France,75001,(828) 6094924,012IP0000001NYsYAM
FAN-6868722,Cloe,Docherty,Chloe_Docherty@aol.com,,,011 Oak Drive,Chicago,IL,USA,60601,,012IP0000001NYsYAM
FAN-6879382,Cloe,Klaff,Chloe_Klaff@aol.com.es,1978-06-01,Female,4848 Watermelon St,Barcelona,Catalonia,Spain,8001,(968) 2029882,012IP0000001NYsYAM
FAN-6884009,Khloe,Wornum,Chloe_Wornum@yahoo.com.pt,1985-01-03,Female,234 Avocado Drive,Lisbon,Lisbon,Portugal,1500-001,(979) 5313959,012IP0000001NYsYAM
FAN-6923316,Krystoffer,Knapper,Christopher_Knapper@hotmail.com,1964-04-06,,789  Pine St,New York,NY,USA,10001,(718) 3089203,012IP0000001NYsYAM
FAN-6969291,Krystoffer,Chiechio,Christopher_Chiechio@hotmail.com,2008-07-04,Male,7181 Willow Street,Territory,TX,United States,56789,(891) 6482676,012IP0000001NYsYAM
FAN-6991462,Christophe,Arnaudon,CArnaudon109@outlook.com.mx,,Male,303  Oak Ave,Mexico City,,Mexico,6010,(462) 1412921,012IP0000001NYsYAM
FAN-7007002,Krystoffer,Flude,Christopher_Flude@hotmail.com,,Female,913  Cedar Street,Quadrant,TX,United States,10987,(980) 1711817,012IP0000001NYsYAM
FAN-7032518,Daniel,Bartell,DBartell102@apple.com.uk,,,135 Cedar Drive,London,England,UK,W1A 1AA,(259) 6095721,012IP0000001NYsYAM
FAN-7033922,Daniel,Fitzgerald,Daniel_Fitzgerald@gmail.com.pt,1961-02-03,,4646 Papaya St,Lisbon,Lisbon,Portugal,1000-001,(821) 2888611,012IP0000001NYsYAM
FAN-7079135,Daniell,Posnette,DPosnette115@outlook.com.nl,1975-07-22,,606  Cherry St,Amsterdam,North Holland,Netherlands,1012 RJ,,012IP0000001NYsYAM
FAN-7083006,Daniell,Senner,Daniel_Senner@aol.com.kr,1970-11-27,Female,456 Apricot Drive,Seoul,Seoul,South Korea,4534,,012IP0000001NYsYAM
FAN-7106045,Elisabeth,Bather,EBather169@gmail.com.gr,,Male,4151  Redwood Avenue,Athens,,Greece,105 64,(424) 7995940,012IP0000001NYsYAM
FAN-7113971,Elizabith,Belleny,EBelleny160@outlook.com.se,1988-11-24,Male,2323  Watermelon St,Stockholm,Stockholm,Sweden,11120,(766) 9850609,012IP0000001NYsYAM
FAN-7127838,Elizabeth,Bouttell,Elizabeth_Bouttell@gmail.com.fr,2003-07-26,Nonbinary,112 Elm Lane,Lyon,Auvergne-Rhône-Alpes,France,69001,,012IP0000001NYsYAM
FAN-7146245,Elisabeth,Tennet,ETennet17@gmail.com.cn,1972-10-07,,123 Pine St,Beijing,,China,100006,,012IP0000001NYsYAM
FAN-7160701,Emily,Ebi,EEbi240@apple.com.at,1967-08-20,Female,2424 Pineapple St,Vienna,Vienna,Austria,1010,,012IP0000001NYsYAM
FAN-7165972,Amelie,Kaufman,EKaufman177@yahoo.com.kr,1968-06-08,Male,210 Pineapple Street,Seoul,Seoul,South Korea,3142,,012IP0000001NYsYAM
FAN-7196370,Amelie,Berthot,EBerthot193@yahoo.com.nl,,Female,303 Birch St,Amsterdam,North Holland,Netherlands,1012 RJ,(479) 5595393,012IP0000001NYsYAM
FAN-7216049,Emily,Bolver,EBolver203@apple.com.bg,,,707  Maple Ave,Sofia,Sofia-Capital,Bulgaria,1000,(463) 1762605,012IP0000001NYsYAM
FAN-7222926,Emmah,Castanares,Emma.Castanares@mail.com.ru,1980-11-10,Male,4343 Blackberry St,St. Petersburg,Leningrad Oblast,Russia,190000,(417) 1941135,012IP0000001NYsYAM
FAN-7227009,Emm,Pomroy,Emma_Pomroy@hotmail.com.kr,1967-12-09,Male,789  Elm Lane,Seoul,,South Korea,4526,(594) 4747457,012IP0000001NYsYAM
FAN-7237221,Emmah,Florey,Emma.Florey@mail.com.fr,,,123 Main St,Paris,Île-de-France,France,75001,(740) 9653626,012IP0000001NYsYAM
FAN-7258700,Emmah,Bentzen,Emma_Bentzen@yahoo.com.de,1976-09-11,Female,321  Maple Avenue,Berlin,Berlin,Germany,10115,,012IP0000001NYsYAM
FAN-7265098,Eitan,Baitey,EBaitey106@gmail.com,1991-08-18,,5678 Maple Street,Suburb,TX,United States,87654,(939) 3577495,012IP0000001NYsYAM
FAN-7276113,Eitan,Sine,ESine27@gmail.com.es,2005-12-28,Female,344  Birch Avenue,Barcelona,Catalonia,Spain,8001,(447) 3995245,012IP0000001NYsYAM
FAN-7332220,Eitan,Fifield,Ethan_Fifield@yahoo.com.jp,1988-03-15,,210 Grape Lane,Osaka,Osaka,Japan,530-0001,,012IP0000001NYsYAM
FAN-7337276,Ethen,Kirkham,Ethan_Kirkham@aol.com,2006-07-25,,6171  Aspen Way,Hamlet,NY,United States,87654,(456) 6975570,012IP0000001NYsYAM
FAN-7393798,Grayce,MacAlees,Grace.MacAlees@mail.com.gr,1975-08-21,,4444  Kiwi St,Athens,Attica,Greece,105 64,(702) 3252746,012IP0000001NYsYAM
FAN-7398051,Grayce,Bingley,GBingley185@gmail.com,1978-03-31,Male,202  Cedar Ln,Township,CA,United States,23456,(200) 7701843,012IP0000001NYsYAM
FAN-7398975,Gracie,Hefferon,Grace_Hefferon@hotmail.com.ca,1975-10-15,Female,567  Maple Lane,Toronto,ON,Canada,M5H 2N2,(218) 8991636,012IP0000001NYsYAM
FAN-7404798,Grayce,Gee,Grace_Gee@yahoo.com,2003-10-11,,909  Oak Ln,Cityscape,NY,United States,87654,(524) 5889326,012IP0000001NYsYAM
FAN-7405266,Isabela,Purton,IPurton137@outlook.com.uk,,Nonbinary,876  Cranberry Avenue,London,England,United Kingdom,W1A 1AA,(294) 8387261,012IP0000001NYsYAM
FAN-7409534,Isabella,Spottiswoode,Isabella_Spottiswoode@gmail.com.ar,1957-07-07,Female,357  Aspen Way,Buenos Aires,,Argentina,C1002ABC,(985) 4861782,012IP0000001NYsYAM
FAN-7419788,Ysabella,Finicj,IFinicj172@yahoo.com,,Female,579  Elm Road,Megalopolis,TX,United States,56789,(945) 5097529,012IP0000001NYsYAM
FAN-7430898,Izabella,Hassen,Isabella_Hassen@yahoo.com.it,,Male,568 Cedar Drive,Milan,Lombardy,Italy,20121,(646) 3010467,012IP0000001NYsYAM
FAN-7460020,Jaymes,Cranshaw,James.Cranshaw@mail.com.es,1985-06-17,Female,9101  Pine Drive,Barcelona,Catalonia,Spain,8002,(790) 1984477,012IP0000001NYsYAM
FAN-7468232,Jaymes,Whatling,JWhatling15@gmail.com.jp,1977-05-19,,1234  Pine Avenue,Osaka,Osaka,Japan,530-0001,,012IP0000001NYsYAM
FAN-7471670,James,Shuttlewood,James_Shuttlewood@gmail.com,1957-12-10,Male,617  Maple Lane,Community,NY,United States,23456,(327) 8514744,012IP0000001NYsYAM
FAN-7472458,Jaims,Downe,JDowne203@outlook.com.de,2007-09-02,Male,3141  Cedar Lane,Berlin,Berlin,Germany,10117,,012IP0000001NYsYAM
FAN-7491155,Jozef,Burg,Joseph_Burg@aol.com,1979-11-20,Male,909 Elm Ln,New York,NY,United States,10001,(812) 9959879,012IP0000001NYsYAM
FAN-7495136,Josif,Roddell,JRoddell81@yahoo.com.pt,1961-05-02,Male,789  Maple Ln,Lisbon,Lisbon,Portugal,1100-001,,012IP0000001NYsYAM
FAN-7560477,Joseph,Lease,Joseph_Lease@gmail.com.br,1959-11-06,Female,617  Aspen Road,Rio de Janeiro,Rio de Janeiro,Brazil,20000-001,(748) 9031164,012IP0000001NYsYAM
FAN-7575571,Josef,Schiefersten,JSchiefersten193@gmail.com.se,2004-12-20,Female,606  Cedar Ave,Stockholm,,Sweden,11120,,012IP0000001NYsYAM
FAN-7603796,Catherine,Bengoechea,Katherine_Bengoechea@aol.com.jp,1993-08-14,Female,910  Elm Way,Tokyo,,Japan,100-0001,,012IP0000001NYsYAM
FAN-7666021,Katarina,Bushe,KBushe154@yahoo.com.ch,1985-05-23,Nonbinary,606 Cherry St,Zurich,Zurich,Switzerland,8001,,012IP0000001NYsYAM
FAN-7723409,Catherine,Kisbee,Katherine_Kisbee@hotmail.com.it,,,789  Maple St,Milan,Lombardy,Italy,20121,(810) 9053151,012IP0000001NYsYAM
FAN-7778109,Catherine,Usherwood,Katherine_Usherwood@hotmail.com.co,,Male,202 Oak Ave,Bogotá,,Colombia,110321,,012IP0000001NYsYAM
FAN-7778510,Lilly,McCahey,Lily_McCahey@hotmail.com.fr,2005-08-20,Male,678 Peach Street,Paris,Ile-de-France,France,75003,(146) 2196563,012IP0000001NYsYAM
FAN-7830774,Lilly,Osler,Lily_Osler@hotmail.com.de,1962-06-23,Female,314  Aspen Street,Hamburg,Hamburg,Germany,20095,(313) 4011197,012IP0000001NYsYAM
FAN-7833074,Lily,MacGillavery,LMacGillavery145@apple.com.jp,1988-10-08,Nonbinary,6171  Aspen Circle,Tokyo,Tokyo,Japan,100-0001,,012IP0000001NYsYAM
FAN-7834184,Lillie,Camus,Lily_Camus@yahoo.com.de,,Female,789 Oakwood Avenue,Hamburg,Hamburg,Germany,20095,(186) 3288220,012IP0000001NYsYAM
FAN-7834466,Madisyn,Zucker,Madison.Zucker@mail.com.mx,1971-04-11,Male,124  Birch Road,Mexico City,,Mexico,6010,,012IP0000001NYsYAM
FAN-7870436,Madisyn,Dibdale,MDibdale4@gmail.com.no,2000-05-23,Female,677  Oak Drive,Oslo,Oslo,Norway,10,(285) 2648489,012IP0000001NYsYAM
FAN-7886505,Madison,Vautier,MVautier93@apple.com.es,,Female,3030  Blueberry St,Madrid,Madrid,Spain,28001,(717) 1214735,012IP0000001NYsYAM
FAN-7917767,Madisyn,Ierland,Madison_Ierland@yahoo.com.uk,2006-04-11,,909  Pine Ave,Liverpool,England,UK,L3 5TR,(227) 6519216,012IP0000001NYsYAM
FAN-7923265,Matthew,Ferron,Matthew_Ferron@gmail.com.jp,2002-04-07,Male,505 Cedar Ln,Tokyo,,Japan,100-0001,(564) 6437059,012IP0000001NYsYAM
FAN-7939695,Matthieu,Lathaye,MLathaye67@outlook.com.ar,2009-05-13,,1414  Grape St,Buenos Aires,Capital Federal,Argentina,C1107AAA,(570) 8034758,012IP0000001NYsYAM
FAN-8052991,Mateo,Luard,Matthew_Luard@hotmail.com.es,1963-09-12,,808  Pine Rd,Madrid,,Spain,28013,,012IP0000001NYsYAM
FAN-8078831,Matthew,Brumham,Matthew_Brumham@gmail.com.uk,,Female,455 Maple Street,London,England,UK,W1A 1AA,(937) 5756439,012IP0000001NYsYAM
FAN-8080002,Michael,Linfield,Michael_Linfield@gmail.com,1990-03-21,Male,210  Pineapple Street,Cluster,CA,United States,56789,(509) 6097654,012IP0000001NYsYAM
FAN-8090324,Michal,Reford,Michael_Reford@aol.com,,,1121 Birch Lane,Precinct,CA,United States,23456,(947) 4318513,012IP0000001NYsYAM
FAN-8107529,Mikael,Kristoffersson,Michael_Kristoffersson@yahoo.com.uk,1978-09-13,Female,4151  Redwood Drive,Liverpool,England,UK,L3 5TR,,012IP0000001NYsYAM
FAN-8143164,Michal,Tennet,Michael_Tennet@hotmail.com.gr,1984-05-30,,4545 Avocado St,Athens,Attica,Greece,105 64,(749) 6618600,012IP0000001NYsYAM
FAN-8145102,Olivia,Hembrow,OHembrow157@apple.com.be,2001-08-11,Female,202 Cedar St,Brussels,Brussels,Belgium,1000,(705) 2770150,012IP0000001NYsYAM
FAN-8155684,Olivia,Kwiek,OKwiek205@apple.com.ca,1970-05-11,,654  Lime Lane,Montreal,QC,Canada,H2X 1Y6,(200) 3566022,012IP0000001NYsYAM
FAN-8158333,Olyvia,Renfield,Olivia.Renfield@mail.com.gr,1972-03-24,Female,1515  Strawberry St,Athens,Attica,Greece,105 64,(632) 8409198,012IP0000001NYsYAM
FAN-8182403,Alivia,Tomaszek,Olivia_Tomaszek@hotmail.com.ar,1970-01-29,Male,2626  Mango St,Buenos Aires,,Argentina,C1002ABC,(238) 7723523,012IP0000001NYsYAM
FAN-8198382,Sam,Vardey,Samuel.Vardey@mail.com,1963-03-17,Male,123 Main Street,Anytown,CA,United States,12345,(721) 6276802,012IP0000001NYsYAM
FAN-8252780,Sam,MacLucais,Samuel_MacLucais@yahoo.com,2005-06-25,Female,6171 Aspen Way,Province,CA,United States,10987,(908) 8612623,012IP0000001NYsYAM
FAN-8259192,Sam,Wolfarth,SWolfarth136@gmail.com.fr,2005-04-23,Male,987  Passionfruit Drive,Paris,Ile-de-France,France,75001,(221) 4316186,012IP0000001NYsYAM
FAN-8293439,Sam,Buie,Samuel.Buie@mail.com.cn,1979-10-10,Female,987  Pine Road,Beijing,,China,100006,(993) 9240183,012IP0000001NYsYAM
FAN-8366014,Soffia,McBrearty,Sophia_McBrearty@aol.com.br,,Female,1234  Oak Place,Rio de Janeiro,,Brazil,20040-002,(408) 5301508,012IP0000001NYsYAM
FAN-8379456,Soffia,Falls,Sophia_Falls@aol.com,1988-04-22,,890  Raspberry Lane,Villagetown,CA,United States,67890,,012IP0000001NYsYAM
FAN-8391028,Sofia,Royce,Sophia.Royce@mail.com.it,1987-04-24,Male,4949 Pineapple St,Rome,Lazio,Italy,118,,012IP0000001NYsYAM
FAN-8396198,Sofia,Neave,Sophia_Neave@yahoo.com.hr,2005-02-23,Male,987  Cedar Lane,Zagreb,Zagreb,Croatia,10000,(794) 3877632,012IP0000001NYsYAM
FAN-8425559,Guillermo,Gartsyde,WGartsyde173@yahoo.com.au,,Female,678  Mango Lane,Sydney,NSW,Australia,2000,(740) 1406769,012IP0000001NYsYAM
FAN-8432214,William,Prowse,William_Prowse@gmail.com.it,1972-01-04,Male,516  Oak Drive,Rome,Lazio,Italy,118,(418) 3550300,012IP0000001NYsYAM
FAN-8476294,Will,Whiskerd,William_Whiskerd@yahoo.com.pt,2000-02-20,Female,3131 Blackberry St,Lisbon,Lisbon,Portugal,1000-001,(861) 1766366,012IP0000001NYsYAM
FAN-8492379,William,Divine,WDivine7@apple.com.ca,1982-09-06,Female,321 Maple Avenue,Toronto,ON,Canada,M5H 2N2,(701) 6405034,012IP0000001NYsYAM
FAN-8495678,Abigayle,Watling,Abigail_Watling@aol.com.es,,Nonbinary,808  Maple Rd,Madrid,Community of Madrid,Spain,28001,,012IP0000001NYsYAM
FAN-8500853,Abigail,Attwool,Abigail_Attwool@gmail.com.es,1960-09-15,Female,432 Mango Way,Madrid,Community of Madrid,Spain,28001,(304) 1045046,012IP0000001NYsYAM
FAN-8546429,Abbigail,Furmagier,AFurmagier2@yahoo.com.no,1993-11-13,,2020 Avocado St,Oslo,Oslo,Norway,10,(538) 8993560,012IP0000001NYsYAM
FAN-8564819,Abigayle,Danher,ADanher68@outlook.com,1974-07-23,,6171 Aspen Circle,Borough,NY,United States,43210,(309) 4372917,012IP0000001NYsYAM
FAN-8573412,Aiden,Barenskie,Aiden_Barenskie@gmail.com.ch,1983-08-09,Male,654  Guava Road,Zurich,Zurich,Switzerland,8001,(763) 9034153,012IP0000001NYsYAM
FAN-8583850,Ayden,Lathaye,ALathaye86@outlook.com.fi,1992-02-23,Female,2222 Pomegranate St,Helsinki,Uusimaa,Finland,100,(558) 8528495,012IP0000001NYsYAM
FAN-8591059,Aidan,Horning,Aiden.Horning@mail.com.ca,1972-03-27,,678  Coconut Circle,Montreal,QC,Canada,H2X 1Y6,(576) 9928019,012IP0000001NYsYAM
FAN-8622033,Adan,Sartin,ASartin135@yahoo.com.au,,Male,321 Pomegranate Lane,Sydney,New South Wales,Australia,2000,,012IP0000001NYsYAM
FAN-8629846,Alexzander,Gerssam,AGerssam23@outlook.com,1996-10-25,Female,790  Birch Street,Zone,NY,United States,56789,(217) 4363554,012IP0000001NYsYAM
FAN-8641093,Alaxander,Worvell,Alexander_Worvell@hotmail.com.uk,,Female,789  Maple Drive,London,England,United Kingdom,W1A 1AA,(364) 8089920,012IP0000001NYsYAM
FAN-8641535,Alexzander,Wisniewski,Alexander_Wisniewski@hotmail.com,1996-08-28,Nonbinary,819  Cedar Avenue,Everywhere,CA,United States,54321,(584) 4934402,012IP0000001NYsYAM
FAN-8675384,Alaxander,Eddington,Alexander_Eddington@hotmail.com,1974-11-25,Female,4151 Redwood Drive,Outskirts,TX,United States,87654,(160) 3935893,012IP0000001NYsYAM
FAN-8677815,Andre,McAusland,Andrew_McAusland@yahoo.com,2006-12-17,,789 Maple Drive,Nowhere,NY,United States,54321,,012IP0000001NYsYAM
FAN-8696017,Andreas,O'Kinedy,AO'Kinedy113@outlook.com.pt,2003-04-16,Female,567  Willow Way,Porto,Porto,Portugal,4050-481,(243) 8778565,012IP0000001NYsYAM
FAN-8703655,Andrew,Crut,Andrew_Crut@gmail.com.es,,Male,3636 Watermelon St,Madrid,Madrid,Spain,28001,(271) 3675592,012IP0000001NYsYAM
FAN-8706494,Andreas,Bellon,Andrew_Bellon@hotmail.com.nl,,Male,801 Elm Road,Rotterdam,South Holland,Netherlands,3012 BN,(781) 5594207,012IP0000001NYsYAM
FAN-8712304,Ben,Standall,Benjamin_Standall@hotmail.com,1967-05-15,Female,210  Grape Lane,Locale,CA,United States,10987,(267) 9559993,012IP0000001NYsYAM
FAN-8716664,Bennjamin,Mullin,BMullin103@yahoo.com.nl,1995-03-27,,707  Willow Rd,Amsterdam,North Holland,Netherlands,1012 AB,,012IP0000001NYsYAM
FAN-8731197,Benjamen,Nulty,BNulty247@gmail.com.pt,,Female,234  Birch Lane,Lisbon,Lisbon,Portugal,1000-001,,012IP0000001NYsYAM
FAN-8731778,Benjamen,Rockwell,Benjamin.Rockwell@mail.com.pt,2003-02-17,,567 Willow Way,Lisbon,Lisbon,Portugal,1000-001,,012IP0000001NYsYAM
FAN-8737687,Khloe,Jessett,Chloe.Jessett@mail.com,,Male,920  Maple Boulevard,Sector,TX,United States,23456,(824) 5490786,012IP0000001NYsYAM
FAN-8743159,Cloe,Grantham,CGrantham131@outlook.com.jp,2001-08-05,Female,505 Willow Ln,Tokyo,,Japan,100-0001,,012IP0000001NYsYAM
FAN-8771501,Khloe,Durand,Chloe_Durand@yahoo.com.ch,,Male,3939 Mango St,Zurich,Zurich,Switzerland,8001,(428) 5975311,012IP0000001NYsYAM
FAN-8780478,Chloe,Riccetti,Chloe_Riccetti@gmail.com.ro,1992-09-14,Nonbinary,4242  Blueberry St,Bucharest,Bucharest,Romania,50711,(407) 8018716,012IP0000001NYsYAM
FAN-8801867,Kristopher,McCumskay,CMcCumskay28@gmail.com.qa,2009-01-27,Nonbinary,606  Oak Ln,Doha,,Qatar,PO Box 25577,,012IP0000001NYsYAM
FAN-8832440,Krystoffer,Reyburn,CReyburn31@yahoo.com,1966-11-24,Female,7181 Willow Street,District,CA,United States,87654,(399) 1398760,012IP0000001NYsYAM
FAN-8841312,Kristopher,Kinker,Christopher.Kinker@mail.com.de,2009-05-08,Female,913 Cedar Street,Hamburg,Hamburg,Germany,20095,(271) 1930116,012IP0000001NYsYAM
FAN-8850457,Krystoffer,Lace,CLace87@yahoo.com,1994-08-27,Male,920 Maple Boulevard,Community,NY,United States,23456,(822) 8066924,012IP0000001NYsYAM
FAN-8877754,Dan,Castelletto,Daniel_Castelletto@hotmail.com.ch,1979-11-12,Female,123 Banana Road,Zurich,Zurich,Switzerland,8001,(834) 8951569,012IP0000001NYsYAM
FAN-8894871,Dan,Dumini,Daniel_Dumini@hotmail.com.it,1970-08-18,Male,3636  Watermelon St,Milan,Lombardy,Italy,20123,(505) 2359435,012IP0000001NYsYAM
FAN-8905198,Danial,Floodgate,DFloodgate133@gmail.com.ua,1971-06-26,Female,2828 Raspberry St,Kyiv,Kyiv,Ukraine,1001,(734) 5938957,012IP0000001NYsYAM
FAN-8945561,Daniell,Leadstone,DLeadstone57@outlook.com,1962-03-25,Male,718 Willow Drive,Cluster,CA,United States,56789,(331) 9688809,012IP0000001NYsYAM
FAN-8957898,Elisabeth,Paler,EPaler96@gmail.com.sk,1978-01-15,Female,2727 Papaya St,Bratislava,Bratislava,Slovakia,81101,(927) 2298865,012IP0000001NYsYAM
FAN-8971591,Elizabeth,Ellissen,Elizabeth_Ellissen@gmail.com,1980-04-27,,9201  Maple Way,Everyville,CA,United States,98765,,012IP0000001NYsYAM
FAN-8994678,Elisabeth,Angus,Elizabeth.Angus@mail.com.eg,2000-08-16,Male,909  Elm Rd,Cairo,,Egypt,11519,(739) 1969888,012IP0000001NYsYAM
FAN-9001272,Elisabeth,Gebbe,Elizabeth_Gebbe@yahoo.com,2008-06-25,Female,987 Cedar Lane,Anywhere,NY,United States,87654,(824) 2558286,012IP0000001NYsYAM
FAN-9006656,Emalee,Colles,EColles109@gmail.com.ar,1981-01-22,Female,765 Pineapple Boulevard,Buenos Aires,Capital Federal,Argentina,C1107AAA,(687) 2179868,012IP0000001NYsYAM
FAN-9065391,Amelie,Loadwick,ELoadwick23@yahoo.com.de,1957-10-17,,122  Cedar Lane,Berlin,,Germany,10178,(562) 1332549,012IP0000001NYsYAM
FAN-9091170,Emmaleigh,Mizzen,Emily_Mizzen@hotmail.com.it,,,5161  Birch Lane,Rome,Lazio,Italy,118,,012IP0000001NYsYAM
FAN-9092701,Emmaleigh,Grantham,EGrantham29@outlook.com.de,1978-12-19,Male,2929 Strawberry St,Munich,Bavaria,Germany,80331,(313) 4461218,012IP0000001NYsYAM
FAN-9130200,Ema,Abramino,EAbramino90@outlook.com.at,2004-05-16,Female,505 Maple Ln,Vienna,,Austria,1010,,012IP0000001NYsYAM
FAN-9135566,Ema,MacCoughan,Emma_MacCoughan@aol.com.de,2004-12-28,Female,654 Birch Lane,Berlin,Berlin,Germany,10115,(768) 5802499,012IP0000001NYsYAM
FAN-9144735,Emm,Coogan,Emma_Coogan@hotmail.com,,Male,617 Maple Lane,Sector,TX,United States,23456,(100) 2175345,012IP0000001NYsYAM
FAN-9239338,Emma,Dillingston,Emma_Dillingston@gmail.com.no,,Male,445  Oak Road,Oslo,,Norway,180,(288) 8081913,012IP0000001NYsYAM
FAN-9243232,Ethan,Simony,Ethan_Simony@gmail.com,1975-06-20,Male,654 Aspen Boulevard,Megalopolis,TX,United States,56789,(231) 3456193,012IP0000001NYsYAM
FAN-9245915,Eitan,Jirusek,EJirusek64@gmail.com,1992-12-15,,456  Apricot Drive,Cityville,TX,United States,98765,(253) 2463197,012IP0000001NYsYAM
FAN-9248524,Ethan,Braxay,EBraxay178@apple.com,1987-08-27,Female,707  Pineapple St,Sector,NY,United States,56789,(697) 9546732,012IP0000001NYsYAM
FAN-9255968,Athan,Shirrell,EShirrell247@yahoo.com.fr,,Colorado,788 Cedar Road,Paris,Ile-de-France,France,75001,(219) 2661186,012IP0000001NYsYAM
FAN-9265629,Grayce,Ekkel,Grace.Ekkel@mail.com.pl,1976-08-31,Female,1717  Blueberry St,Warsaw,,Poland,00-001,(157) 6918202,012IP0000001NYsYAM
FAN-9308199,Grayce,MacCoughan,Grace_MacCoughan@yahoo.com,,Female,321  Lemon Avenue,Uptown,CA,United States,56789,(740) 7255326,012IP0000001NYsYAM
FAN-9376033,Grace,McCullagh,GMcCullagh130@apple.com.bg,2001-10-04,Female,2626 Mango St,Sofia,Sofia-Capital,Bulgaria,1000,(925) 1082906,012IP0000001NYsYAM
FAN-9378596,Grayce,Gebbe,Grace.Gebbe@mail.com.au,,,101 Elm St,Sydney,NSW,Australia,2000,(520) 2942496,012IP0000001NYsYAM
FAN-9384303,Izabella,Gabitis,Isabella_Gabitis@yahoo.com.se,,Male,1212  Orange St,Stockholm,Stockholm,Sweden,11120,(838) 7649441,012IP0000001NYsYAM
FAN-9396617,Isabela,Royds,Isabella_Royds@hotmail.com,,Female,455  Maple Street,New York,NY,United States,10001,(454) 2919717,012IP0000001NYsYAM
FAN-9398170,Ysabella,Randales,IRandales176@yahoo.com.fr,1987-07-24,Female,321 Elm Street,Paris,Ile-de-France,France,75001,(129) 1889935,012IP0000001NYsYAM
FAN-9411625,Izabella,Killingsworth,Isabella.Killingsworth@mail.com.be,1962-01-04,,678 Mango Lane,Brussels,Brussels,Belgium,1000,(168) 5313775,012IP0000001NYsYAM
FAN-9425182,James,McCuish,JMcCuish213@apple.com,2005-03-02,Nonbinary,8191  Oak Boulevard,Anytown,CA,United States,12345,(663) 2931303,012IP0000001NYsYAM
FAN-9432595,Jaymz,Exposito,James_Exposito@hotmail.com.fr,1964-08-12,,3838 Coconut St,Lyon,Auvergne-Rhône-Alpes,France,69001,(393) 2992673,012IP0000001NYsYAM
FAN-9445680,Jaims,Normanvill,JNormanvill160@outlook.com,1980-11-18,Male,8191 Oak Court,Locale,TX,United States,23456,(290) 6415206,012IP0000001NYsYAM
FAN-9454297,Jaims,Dunnan,James_Dunnan@hotmail.com.dk,,Female,5678  Cedar Road,Copenhagen,Capital Region,Denmark,1000,(641) 4855388,012IP0000001NYsYAM
FAN-9485968,Jozef,Pinches,Joseph_Pinches@hotmail.com.pt,1998-11-13,Male,468  Birch Street,Lisbon,Lisbon,Portugal,1600-001,,012IP0000001NYsYAM
FAN-9526001,Josif,Rosin,JRosin31@yahoo.com.de,1963-08-27,Male,321  Birch Drive,Berlin,,Germany,10115,(423) 9346022,012IP0000001NYsYAM
FAN-9544449,Jozef,Norman,JNorman126@outlook.com.mx,1980-09-07,Female,246  Oakwood Lane,Mexico City,Ciudad de Mexico,Mexico,1000,(486) 7568506,012IP0000001NYsYAM
FAN-9606728,Joseph,Tesimon,Joseph_Tesimon@gmail.com.fr,1970-02-05,,789  Cedar Rd,Lyon,Auvergne-Rhône-Alpes,France,69001,(421) 1356422,012IP0000001NYsYAM
FAN-9609644,Catherine,Burtwistle,KBurtwistle135@outlook.com.uk,,Female,789 Kiwi Avenue,London,England,United Kingdom,W1F 7ED,(577) 9269599,012IP0000001NYsYAM
FAN-9612931,Katherine,Emnoney,KEmnoney240@apple.com.cz,,Male,4141 Strawberry St,Prague,Prague,Czech Republic,110 00,,012IP0000001NYsYAM
FAN-9660505,Kathryn,Hembrow,KHembrow154@gmail.com.ru,,,1414 Grape St,St. Petersburg,Leningrad Oblast,Russia,190000,,012IP0000001NYsYAM
FAN-9664582,Katarina,Cholton,KCholton165@yahoo.com.tr,2010-03-15,,101  Cedar Rd,Istanbul,,Turkey,34110,(296) 4589549,012IP0000001NYsYAM
FAN-9699213,Lillie,Handyside,LHandyside175@gmail.com,2010-01-13,Male,404  Elm St,Division,CA,United States,87654,(701) 7908334,012IP0000001NYsYAM
FAN-9701199,Lillie,Duffin,Lily.Duffin@mail.com.pl,1994-02-08,Female,1515 Strawberry St,Warsaw,Masovian Voivodeship,Poland,00-001,,012IP0000001NYsYAM
FAN-9704369,Lily,Allewell,Lily_Allewell@gmail.com.es,,Male,124 Birch Road,Madrid,Community of Madrid,Spain,28001,(591) 1795511,012IP0000001NYsYAM
FAN-9708177,Lillie,Sargison,Lily_Sargison@yahoo.com.sk,1966-08-07,Male,7181  Willow Street,Bratislava,Bratislava,Slovakia,81101,,012IP0000001NYsYAM
FAN-9732021,Madison,Oldman,MOldman186@apple.com.es,1966-08-25,,667  Elm Lane,Madrid,Community of Madrid,Spain,28004,,012IP0000001NYsYAM
FAN-9733696,Madyson,Poles,MPoles58@yahoo.com.uk,1964-03-24,,2020  Avocado St,Liverpool,England,UK,L3 5TR,,012IP0000001NYsYAM
FAN-9743416,Madisyn,Elloway,Madison.Elloway@mail.com.ua,,Male,909  Banana St,Kyiv,Kyiv,Ukraine,1001,(762) 8568739,012IP0000001NYsYAM
FAN-9753719,Maddison,Coggan,Madison_Coggan@aol.com.es,,Male,235 Elm Lane,Barcelona,Catalonia,Spain,8001,(346) 8803997,012IP0000001NYsYAM
FAN-9768711,Mathew,Bodega,Matthew_Bodega@yahoo.com.fr,1989-09-07,Male,468 Birch Street,Paris,Ile-de-France,France,75001,(885) 7757055,012IP0000001NYsYAM
FAN-9776469,Mathew,Picton,Matthew_Picton@yahoo.com.ch,1982-12-27,Male,3232  Kiwi St,Zurich,Zurich,Switzerland,8001,(951) 3569490,012IP0000001NYsYAM
FAN-9779268,Matthieu,Askie,Matthew_Askie@hotmail.com,1977-09-02,,415 Willow Avenue,Zone,NY,United States,56789,,012IP0000001NYsYAM
FAN-9783885,Matthieu,Josupeit,MJosupeit173@outlook.com.de,,Male,802 Maple Drive,Munich,Bavaria,Germany,80331,(660) 7438463,012IP0000001NYsYAM
FAN-9794581,Mikael,Smithson,MSmithson221@gmail.com.fr,2001-02-27,,579 Elm Road,Marseille,Provence-Alpes-Côte d'Azur,France,13001,(758) 4674647,012IP0000001NYsYAM
FAN-9795274,Mikel,Rosenbaum,Michael_Rosenbaum@hotmail.com.de,1999-09-25,Nonbinary,1818  Blackberry St,Munich,Bavaria,Germany,80335,(944) 1770929,012IP0000001NYsYAM
FAN-9816331,Michael,Borne,Michael_Borne@gmail.com,1992-03-29,Male,802  Maple Drive,Los Angeles,CA,USA,90001,(196) 7864151,012IP0000001NYsYAM
FAN-9827189,Mikel,Brownsword,Michael_Brownsword@hotmail.com.es,,Male,789 Maple St,Madrid,Madrid,Spain,28001,,012IP0000001NYsYAM
FAN-9834315,Alivia,Pirri,Olivia_Pirri@aol.com.fr,,Male,654  Aspen Boulevard,Marseille,Provence-Alpes-Côte d'Azur,France,13001,(849) 2438062,012IP0000001NYsYAM
FAN-9847724,Olivia,Cadlock,Olivia_Cadlock@gmail.com,2005-10-05,Male,889 Maple Street,New York,NY,USA,10001,,012IP0000001NYsYAM
FAN-9859192,Alyvia,Causnett,OCausnett162@yahoo.com.uk,1962-03-15,Female,123  Main Street,London,,United Kingdom,EC1A 1BB,(700) 9362691,012IP0000001NYsYAM
FAN-9886517,Alivia,Cruickshank,OCruickshank153@outlook.com.be,1998-01-25,Male,101  Elm St,Brussels,Brussels,Belgium,1000,(902) 5237442,012IP0000001NYsYAM
FAN-9901729,Samuell,Mendes,Samuel_Mendes@aol.com.es,,Male,678 Coconut Circle,Madrid,Community of Madrid,Spain,28004,(477) 4370541,012IP0000001NYsYAM
FAN-9910621,Samuel,Flatt,Samuel_Flatt@gmail.com.ar,1960-07-17,Male,707 Maple Ave,Buenos Aires,,Argentina,C1002ABC,(560) 4292572,012IP0000001NYsYAM
FAN-9913759,Samuelito,Rigeby,Samuel_Rigeby@hotmail.com,1994-05-08,Female,415 Elm Court,Block,CA,United States,87654,(676) 7637786,012IP0000001NYsYAM
FAN-9915193,Samuel,Dethloff,SDethloff228@apple.com,1986-03-08,,404  Birch Rd,District,NY,United States,23456,(528) 9154405,012IP0000001NYsYAM
FAN-9915318,Sofiya,Burg,SBurg193@yahoo.com,,,9101 Pine Drive,Villagetown,CA,United States,67890,(924) 6937956,012IP0000001NYsYAM
FAN-9925460,Sofiya,Gee,Sophia_Gee@hotmail.com,1990-04-28,Female,678  Pine Drive,Los Angeles,CA,United States,90001,(524) 5889326,012IP0000001NYsYAM
FAN-9927994,Sophia,McMakin,Sophia_McMakin@gmail.com.ca,,,344 Birch Avenue,Vancouver,BC,Canada,V6B 4Y8,(828) 4620413,012IP0000001NYsYAM
FAN-9951084,Soffia,Bolmann,Sophia_Bolmann@hotmail.com.es,1981-02-28,Male,345 Oak Street,Madrid,Community of Madrid,Spain,28001,(908) 7036120,012IP0000001NYsYAM
FAN-9953546,William,Pavel,WPavel76@apple.com,2002-03-18,,456 Cedar Road,Urban,TX,United States,54321,(943) 6295757,012IP0000001NYsYAM
FAN-9956275,Will,Sircomb,William_Sircomb@yahoo.com,1981-04-16,,432  Strawberry Court,Somewhereton,CA,United States,43210,,012IP0000001NYsYAM
FAN-9958480,Willem,Aslum,WAslum76@outlook.com.jp,1969-01-13,Nonbinary,567 Starfruit Avenue,Tokyo,Tokyo,Japan,100-0001,(379) 8574277,012IP0000001NYsYAM
FAN-9992068,Willem,Thomann,William_Thomann@aol.com.ca,1957-02-25,Nonbinary,778 Birch Road,Vancouver,BC,Canada,V6B 4Y8,(454) 9990520,012IP0000001NYsYAM