FanId__pc,FirstName,LastName,PersonEmail,PersonBirthdate,PersonGenderIdentity,PersonMailingStreet,PersonMailingCity,PersonMailingState,PersonMailingCountry,PersonMailingPostalCode,Phone,RecordTypeId
FAN-1029453,Abigayle,Torpie,Abigail_Torpie@aol.com.uk,1958-09-23,,566 Pine Lane,Manchester,England,UK,M1 4AE,,0127e000002bd8JAAQ
FAN-1031599,Abigale,Penkman,APenkman85@gmail.com.sa,1986-10-08,,505  Cedar Rd,Riyadh,,Saudi Arabia,11543,(254) 3673461,0127e000002bd8JAAQ
FAN-1051279,Abigayle,Boulton,Abigail_Boulton@hotmail.com.jp,1970-03-01,,202  Oak Ave,Tokyo,Tokyo,Japan,100-0001,(366) 4591707,0127e000002bd8JAAQ
FAN-1071081,Abigale,Eagell,AEagell56@gmail.com.eg,1987-11-22,Female,456 Maple Ave,Cairo,,Egypt,11519,,0127e000002bd8JAAQ
FAN-1077692,Adan,Braune,ABraune232@yahoo.com.it,1970-12-21,,404 Elm St,Rome,Lazio,Italy,118,,0127e000002bd8JAAQ
FAN-1080305,Aiden,Walsom,AWalsom201@apple.com.tr,1998-06-09,Male,404 Pine Ave,Istanbul,,Turkey,34110,,0127e000002bd8JAAQ
FAN-1118908,Aidan,Blaise,Aiden.Blaise@mail.com,2000-12-26,Female,606  Birch St,Downtown,CA,United States,54321,,0127e000002bd8JAAQ
FAN-1139477,Adan,Brownsey,Aiden_Brownsey@hotmail.com.ar,1990-07-14,,432 Strawberry Court,Buenos Aires,Capital Federal,Argentina,C1067AAF,,0127e000002bd8JAAQ
FAN-1173911,Alexzander,Bester,ABester57@outlook.com,,,987 Willow Circle,Metro,NY,United States,10987,(942) 9682747,0127e000002bd8JAAQ
FAN-1175288,Alaxander,Scotti,AScotti43@yahoo.com.de,1963-06-19,Male,9201  Maple Avenue,Hamburg,Hamburg,Germany,20095,(896) 6362180,0127e000002bd8JAAQ
FAN-1234078,Alaxander,Liccardi,Alexander_Liccardi@hotmail.com,1985-06-06,Female,123 Pine Avenue,Metropolis,CA,United States,10987,(986) 5719995,0127e000002bd8JAAQ
FAN-1239497,Aleksander,Pinchbeck,Alexander.Pinchbeck@mail.com.nl,1958-08-09,Male,303 Pine Rd,Amsterdam,,Netherlands,1012 JS,,0127e000002bd8JAAQ
FAN-1260526,Andrew,Sogg,Andrew_Sogg@gmail.com.de,2002-03-04,Female,556  Cedar Avenue,Berlin,Berlin,Germany,10115,(741) 2678702,0127e000002bd8JAAQ
FAN-1280995,Andreas,Daftor,ADaftor225@outlook.com,1993-09-10,Female,1121 Elm Road,Hometown,TX,United States,23456,(363) 9001557,0127e000002bd8JAAQ
FAN-1290448,Andre,Bosden,Andrew_Bosden@yahoo.com,,Female,123  Main Street,Zone,NY,United States,87654,(638) 5866372,0127e000002bd8JAAQ
FAN-1291177,Andrew,holmes,Aholmes234@apple.com.hu,,,1212 Orange St,Budapest,Budapest,Hungary,1051,(468) 6179999,0127e000002bd8JAAQ
FAN-1293049,Bennjamin,Harower,Benjamin_Harower@hotmail.com.de,1995-08-18,Female,321 Lemon Avenue,Berlin,Berlin,Germany,10117,(491) 3867557,0127e000002bd8JAAQ
FAN-1293887,Benjamin,Van den Hof,Benjamin_VandenHof@gmail.com.gr,1962-09-12,Female,303 Willow St,Athens,,Greece,105 64,(451) 7563277,0127e000002bd8JAAQ
FAN-1306732,Benjamen,Warde,Benjamin_Warde@yahoo.com,1995-08-22,Female,900 Pine Road,Los Angeles,CA,USA,90001,(642) 4722416,0127e000002bd8JAAQ
FAN-1363046,Ben,Swane,Benjamin_Swane@hotmail.com,,Female,456 Oak Avenue,Somewhere,TX,United States,67890,,0127e000002bd8JAAQ
FAN-1372955,Cloe,Duffin,CDuffin150@outlook.com.fr,1963-07-11,,101  Pine St,Paris,,France,75001,(508) 8093958,0127e000002bd8JAAQ
FAN-1389636,Chloe,Baxstar,CBaxstar203@apple.com.ar,,,890 Cherry Lane,Buenos Aires,Capital Federal,Argentina,C1107AAA,(505) 1494406,0127e000002bd8JAAQ
FAN-1394118,Cleo,Baynton,Chloe_Baynton@hotmail.com.uk,1979-04-12,Female,334 Pine Street,Manchester,England,UK,M1 4AE,(306) 9283797,0127e000002bd8JAAQ
FAN-1411626,Chloe,Guinan,Chloe_Guinan@gmail.com.be,1962-02-15,Male,808  Elm St,Brussels,,Belgium,1000,(105) 8869814,0127e000002bd8JAAQ
FAN-1447620,Kristopher,Myall,Christopher.Myall@mail.com.uk,2000-04-30,Female,677 Oak Drive,Liverpool,England,UK,L3 5TR,(765) 7972316,0127e000002bd8JAAQ
FAN-1502535,Christophe,Gook,CGook165@outlook.com.uk,1972-08-30,,5050 Coconut St,London,England,United Kingdom,W1A 1AA,(254) 4338665,0127e000002bd8JAAQ
FAN-1509417,Christopher,Magee,CMagee158@apple.com.fr,,Male,456  Orange Court,Paris,Ile-de-France,France,75001,(299) 3538840,0127e000002bd8JAAQ
FAN-1525316,Kristopher,Atack,Christopher.Atack@mail.com,1967-06-12,Nonbinary,4151 Redwood Avenue,Villageville,CA,United States,54321,(188) 1084030,0127e000002bd8JAAQ
FAN-1543489,Daniel,Dikels,DDikels55@apple.com,2003-10-17,Female,1121 Elm Avenue,Civic,TX,United States,10987,(555) 7530785,0127e000002bd8JAAQ
FAN-1545374,Danial,Bilbrook,Daniel_Bilbrook@yahoo.com,1969-03-05,Male,566  Pine Lane,Metro,NY,United States,10987,(932) 5545246,0127e000002bd8JAAQ
FAN-1545810,Daniell,Hankey,DHankey32@outlook.com.ar,1996-09-30,,135  Redwood Blvd,Buenos Aires,Capital Federal,Argentina,C1067AAF,,0127e000002bd8JAAQ
FAN-1570540,Dan,Purbrick,DPurbrick7@yahoo.com.gr,2004-05-17,Male,1717 Blueberry St,Athens,Attica,Greece,105 64,(217) 2229216,0127e000002bd8JAAQ
FAN-1577132,Elizabith,Filippov,Elizabeth_Filippov@aol.com.mx,1967-03-20,Female,765 Redwood Avenue,Mexico City,Ciudad de Mexico,Mexico,1000,(969) 6170903,0127e000002bd8JAAQ
FAN-1582928,Elisabeth,Standeven,Elizabeth.Standeven@mail.com.ch,,Male,707 Willow Rd,Zurich,,Switzerland,8001,,0127e000002bd8JAAQ
FAN-1609646,Elizabeth,Shirrell,EShirrell192@apple.com.ca,1966-06-18,Male,987 Pine Road,Vancouver,BC,Canada,V6B 4Y8,(251) 7196186,0127e000002bd8JAAQ
FAN-1613492,Elizabeth,Vedenyapin,Elizabeth_Vedenyapin@gmail.com.mx,1986-05-09,Male,808 Maple Rd,Mexico City,,Mexico,6010,(540) 5215116,0127e000002bd8JAAQ
FAN-1654512,Emmaleigh,Cessford,Emily_Cessford@aol.com,,Male,5161 Birch Road,District,NY,United States,23456,(616) 9189539,0127e000002bd8JAAQ
FAN-1690386,Emily,Josephi,Emily_Josephi@gmail.com.es,1969-03-09,,321 Fig Lane,Madrid,Community of Madrid,Spain,28005,(497) 4570129,0127e000002bd8JAAQ
FAN-1700571,Emalee,Vallery,Emily_Vallery@yahoo.com.kr,1984-07-13,Male,9101  Pine Court,Seoul,,South Korea,4526,(992) 8650466,0127e000002bd8JAAQ
FAN-1733338,Amelie,Melladew,EMelladew187@yahoo.com.ca,,Female,235  Elm Lane,Vancouver,BC,Canada,V6B 4Y8,(526) 1747348,0127e000002bd8JAAQ
FAN-1747986,Emm,Pitson,Emma_Pitson@hotmail.com,1973-03-13,Male,5161 Birch Lane,Countryside,TX,United States,10987,(967) 7300547,0127e000002bd8JAAQ
FAN-1773000,Emmah,Lydden,ELydden31@gmail.com.uk,1972-02-17,Female,445 Oak Road,Liverpool,England,UK,L3 5TR,(350) 1940662,0127e000002bd8JAAQ
FAN-1793957,Emmah,Brunsen,Emma.Brunsen@mail.com,1976-03-17,Female,819 Cedar Avenue,Quadrant,CA,United States,56789,(770) 5490181,0127e000002bd8JAAQ
FAN-1794102,Emmah,Stritton,Emma.Stritton@mail.com,1966-03-28,Male,516 Birch Street,Precinct,TX,United States,23456,(156) 1361277,0127e000002bd8JAAQ
FAN-1797243,Ethan,Grigolon,Ethan_Grigolon@gmail.com.jp,1981-06-01,Male,456 Cedar St,Osaka,,Japan,530-0001,(945) 8328249,0127e000002bd8JAAQ
FAN-1799995,Ethen,Legge,Ethan_Legge@hotmail.com.fr,1961-08-26,Nonbinary,4646  Papaya St,Paris,Ile-de-France,France,75003,(245) 9528510,0127e000002bd8JAAQ
FAN-1822456,Ethen,Coggan,ECoggan24@outlook.com.kr,,,718  Willow Drive,Seoul,Seoul,South Korea,3142,(668) 6991676,0127e000002bd8JAAQ
FAN-1837426,Eitan,Faragher,Ethan.Faragher@mail.com.pt,1996-04-06,Female,543 Berry Road,Lisbon,Lisbon,Portugal,1100-001,(628) 5653955,0127e000002bd8JAAQ
FAN-1864252,Grayce,Armit,Grace_Armit@yahoo.com.fr,,,680 Pine Avenue,Lyon,Auvergne-Rhône-Alpes,France,69001,(165) 7349933,0127e000002bd8JAAQ
FAN-1868430,Grace,Gentzsch,GGentzsch153@apple.com.pl,1959-02-14,Female,4545  Avocado St,Warsaw,Masovian Voivodeship,Poland,00-001,,0127e000002bd8JAAQ
FAN-1870592,Greys,Netherclift,Grace_Netherclift@aol.com.ru,1983-03-04,,890  Cherry Lane,St. Petersburg,Leningrad Oblast,Russia,190000,,0127e000002bd8JAAQ
FAN-1876301,Grace,Nerheny,GNerheny64@apple.com.at,1998-10-20,,1919  Kiwi St,Vienna,Vienna,Austria,1010,,0127e000002bd8JAAQ
FAN-1880545,Isabela,Pearce,Isabella_Pearce@aol.com.pt,1966-11-25,,678  Peach Street,Lisbon,Lisbon,Portugal,1000-001,(529) 6093353,0127e000002bd8JAAQ
FAN-1881461,Isabela,Braddick,IBraddick177@outlook.com,1987-12-04,Female,9101 Pine Court,City Center,NY,United States,23456,,0127e000002bd8JAAQ
FAN-1888427,Izabella,Sayre,Isabella_Sayre@yahoo.com.uk,,Nonbinary,789 Pine St,London,,United Kingdom,W1A 1AA,(301) 8406003,0127e000002bd8JAAQ
FAN-1891941,Isabela,Hoyles,Isabella_Hoyles@aol.com.uk,1998-05-07,Nonbinary,202 Elm St,London,,United Kingdom,EC1A 1BB,,0127e000002bd8JAAQ
FAN-1896032,Jaims,Busk,JBusk95@outlook.com.es,1980-01-16,Female,4040  Raspberry St,Barcelona,Catalonia,Spain,8001,(313) 4461218,0127e000002bd8JAAQ
FAN-1902015,Jaims,Dwire,James_Dwire@aol.com.no,1977-09-27,Female,909 Pine Ave,Oslo,,Norway,180,,0127e000002bd8JAAQ
FAN-1910648,Jaims,Jaye,James_Jaye@hotmail.com.pt,1984-08-07,Female,123  Main St,Lisbon,Lisbon,Portugal,1000-001,,0127e000002bd8JAAQ
FAN-1914303,Jaims,Harmes,JHarmes212@outlook.com,1968-06-08,Female,789  Oakwood Avenue,Quadrant,CA,United States,23456,(608) 3982517,0127e000002bd8JAAQ
FAN-1927587,Joseph,Reford,JReford150@apple.com.ru,1989-02-11,Female,202  Elm Ln,St. Petersburg,Leningrad Oblast,Russia,190000,(947) 4318513,0127e000002bd8JAAQ
FAN-1940543,Jozef,Yockley,JYockley225@outlook.com,,Female,654  Birch Lane,Urban,TX,United States,54321,(681) 5584204,0127e000002bd8JAAQ
FAN-1949136,Joseph,Batistelli,JBatistelli125@apple.com.es,1975-05-13,,2424  Pineapple St,Barcelona,Catalonia,Spain,8001,,0127e000002bd8JAAQ
FAN-1958740,Josif,Siehard,JSiehard194@yahoo.com.uk,1990-11-12,,246  Birch Court,London,England,United Kingdom,W1F 7ED,(518) 4975270,0127e000002bd8JAAQ
FAN-1960402,Catherine,Baitey,KBaitey26@outlook.com.it,,Female,404 Birch Rd,Rome,,Italy,118,,0127e000002bd8JAAQ
FAN-1960602,Katherine,Gudge,KGudge222@apple.com,1963-06-20,Nonbinary,456 Oak St,Los Angeles,CA,United States,90001,,0127e000002bd8JAAQ
FAN-1972995,Catherine,Grubey,Katherine_Grubey@hotmail.com.it,,Male,321  Fig Lane,Milan,Lombardy,Italy,20121,(457) 4555917,0127e000002bd8JAAQ
FAN-2010151,Katarina,Rosenbaum,KRosenbaum107@yahoo.com,,Nonbinary,321 Birch Drive,Township,CA,United States,23456,(137) 1116683,0127e000002bd8JAAQ
FAN-2010771,Lillie,Kinchington,Lily_Kinchington@yahoo.com.hu,,Female,202 Elm Ln,Budapest,,Hungary,1051,,0127e000002bd8JAAQ
FAN-2011048,Lilly,Camocke,LCamocke204@yahoo.com.fr,1998-12-26,Female,901 Birch Road,Marseille,Provence-Alpes-Côte d'Azur,France,13001,(494) 4908572,0127e000002bd8JAAQ
FAN-2092843,Lily,Housbey,LHousbey167@apple.com,1965-08-11,,505  Cedar Ln,Block,CA,United States,87654,(156) 6653407,0127e000002bd8JAAQ
FAN-2128618,Lili,Keech,LKeech173@outlook.com.gr,1991-04-19,Male,3434 Papaya St,Athens,Attica,Greece,105 64,(989) 8660074,0127e000002bd8JAAQ
FAN-2139863,Madyson,Radnedge,MRadnedge214@yahoo.com.br,,Male,3737  Pineapple St,Sao Paulo,Sao Paulo,Brazil,01310-100,(251) 7178162,0127e000002bd8JAAQ
FAN-2142178,Madyson,Cordeux,Madison_Cordeux@hotmail.com.ro,1963-05-04,Male,2323 Watermelon St,Bucharest,Bucharest,Romania,50711,(266) 3815019,0127e000002bd8JAAQ
FAN-2182093,Madisyn,Sayles,Madison_Sayles@yahoo.com,,Male,2525  Coconut St,Anywhere,NY,United States,87654,,0127e000002bd8JAAQ
FAN-2238347,Madyson,Whatling,Madison_Whatling@hotmail.com.de,1958-09-14,,123 Plum Avenue,Munich,Bavaria,Germany,80335,(927) 6236038,0127e000002bd8JAAQ
FAN-2244761,Matthieu,Ellesmere,Matthew_Ellesmere@aol.com.es,1970-12-28,Female,654  Birch Lane,Madrid,Community of Madrid,Spain,28001,(218) 6847656,0127e000002bd8JAAQ
FAN-2266113,Mathew,Parram,MParram188@gmail.com.de,,Male,791 Oak Lane,Berlin,Berlin,Germany,10115,(287) 7391676,0127e000002bd8JAAQ
FAN-2267294,Mathew,Hammell,MHammell109@gmail.com.uk,2008-12-30,,357 Maple Court,Liverpool,England,UK,L3 5TR,,0127e000002bd8JAAQ
FAN-2285564,Mathew,Cresswell,Matthew_Cresswell@yahoo.com,1989-02-04,Female,2727  Papaya St,Territory,TX,United States,56789,(397) 1914765,0127e000002bd8JAAQ
FAN-2285853,Mikael,Kearn,MKearn239@gmail.com,1976-09-26,Female,1616  Raspberry St,Chicago,IL,USA,60601,(593) 3519465,0127e000002bd8JAAQ
FAN-2306653,Mikael,Spatoni,Michael_Spatoni@yahoo.com.fr,1973-12-24,Female,890 Cedar Street,Paris,Ile-de-France,France,75001,(467) 1632022,0127e000002bd8JAAQ
FAN-2319251,Michael,Kellen,Michael_Kellen@gmail.com,1963-03-14,Female,4949  Pineapple St,Division,TX,United States,10987,(635) 1221795,0127e000002bd8JAAQ
FAN-2373198,Michal,Atling,Michael_Atling@aol.com.fr,1981-01-17,Male,899  Elm Street,Marseille,Provence-Alpes-Côte d'Azur,France,13001,(982) 7296685,0127e000002bd8JAAQ
FAN-2381532,Alivia,Fominov,Olivia_Fominov@aol.com.mx,1971-05-31,Female,123 Watermelon Street,Mexico City,Ciudad de Mexico,Mexico,6010,,0127e000002bd8JAAQ
FAN-2385979,Olyvia,Tiffin,OTiffin97@gmail.com.nl,1961-04-07,Nonbinary,123  Banana Road,Amsterdam,North Holland,Netherlands,1012 RJ,(283) 9891140,0127e000002bd8JAAQ
FAN-2390444,Olyvia,Collihole,Olivia.Collihole@mail.com.it,,Female,789 Nectarine Way,Milan,Lombardy,Italy,20123,,0127e000002bd8JAAQ
FAN-2410974,Olyvia,Calbert,Olivia_Calbert@yahoo.com.sa,1987-02-01,Male,606 Oak Ln,Riyadh,,Saudi Arabia,11543,(200) 8747309,0127e000002bd8JAAQ
FAN-2438043,Samuell,Rawlings,Samuel_Rawlings@hotmail.com.it,,Male,112  Pine Lane,Rome,Lazio,Italy,118,,0127e000002bd8JAAQ
FAN-2453632,Samuell,Oxborough,Samuel_Oxborough@aol.com.cz,1967-03-11,Female,909 Banana St,Prague,Prague,Czech Republic,110 00,(356) 9484182,0127e000002bd8JAAQ
FAN-2522326,Samuelito,Doby,SDoby222@yahoo.com.it,2007-02-03,Female,303  Elm St,Milan,Lombardy,Italy,20121,(193) 8677731,0127e000002bd8JAAQ
FAN-2584299,Samuell,Styant,Samuel_Styant@aol.com.at,1986-11-26,Female,876  Coconut Court,Vienna,,Austria,1010,(825) 7705216,0127e000002bd8JAAQ
FAN-2585654,Sofia,Dreus,SDreus4@gmail.com.nl,1994-10-20,Female,790 Birch Street,Amsterdam,North Holland,Netherlands,1012 WX,(815) 6689811,0127e000002bd8JAAQ
FAN-2597100,Soffia,Van Dijk,SVanDijk98@outlook.com,1961-10-11,,468 Willow Lane,Everywhere,CA,United States,54321,(643) 4597933,0127e000002bd8JAAQ
FAN-2602971,Sophia,Kerridge,SKerridge240@apple.com,1969-07-06,Nonbinary,321  Elm Street,Region,NY,United States,56789,(486) 7305887,0127e000002bd8JAAQ
FAN-2609599,Soffia,Laverty,Sophia_Laverty@aol.com.fr,1962-07-07,Female,234  Dragon Fruit Street,Lyon,Auvergne-Rhône-Alpes,France,69001,(569) 5641324,0127e000002bd8JAAQ
FAN-2662467,Willem,Hischke,William_Hischke@hotmail.com.mx,2006-05-29,,345  Oak Street,Mexico City,Ciudad de Mexico,Mexico,6010,(685) 6048935,0127e000002bd8JAAQ
FAN-2677231,William,Johanchon,William_Johanchon@gmail.com.de,1962-01-25,Female,456  Oak St,Munich,Bavaria,Germany,80331,,0127e000002bd8JAAQ
FAN-2697464,Guillermo,Phython,William_Phython@hotmail.com,,Female,3141 Cedar Lane,Uptown,CA,United States,56789,,0127e000002bd8JAAQ
FAN-2697595,Will,Sircomb,WSircomb29@gmail.com.nl,,,3232 Kiwi St,Amsterdam,North Holland,Netherlands,1012 RJ,(626) 4130239,0127e000002bd8JAAQ
FAN-2720996,Abigale,Riccetti,ARiccetti221@gmail.com.it,,,3030 Blueberry St,Milan,Lombardy,Italy,20121,(407) 8018716,0127e000002bd8JAAQ
FAN-2741024,Abigayle,Tyas,ATyas213@outlook.com.es,,,876 Coconut Court,Barcelona,Catalonia,Spain,8003,(153) 2999110,0127e000002bd8JAAQ
FAN-2742716,Abigail,Annett,AAnnett146@apple.com.nl,1975-06-05,Female,3939  Mango St,Amsterdam,North Holland,Netherlands,1015 AB,(284) 2933583,0127e000002bd8JAAQ
FAN-2768906,Abbigail,Crabb,Abigail_Crabb@hotmail.com.de,1985-07-24,Male,679  Maple Lane,Berlin,Berlin,Germany,10115,,0127e000002bd8JAAQ
FAN-2792670,Aiden,Christer,Aiden_Christer@gmail.com.pt,,Male,101 Pine St,Lisbon,Lisbon,Portugal,1000-001,(859) 2476173,0127e000002bd8JAAQ
FAN-2799224,Aidan,Laffling,ALaffling51@gmail.com.ca,,Male,667 Elm Lane,Montreal,QC,Canada,H2X 1Y6,,0127e000002bd8JAAQ
FAN-2810948,Aiden,Sartin,Aiden_Sartin@gmail.com,1997-10-28,,357  Maple Court,Outskirts,TX,United States,87654,,0127e000002bd8JAAQ
FAN-2811958,Aiden,Cush,Aiden_Cush@gmail.com.dk,1998-12-18,Male,314  Cedar Way,Copenhagen,Capital Region,Denmark,1000,(680) 5747372,0127e000002bd8JAAQ
FAN-2815399,Aleksander,McGinney,Alexander.McGinney@mail.com.de,1964-05-31,Male,3838  Coconut St,Munich,Bavaria,Germany,80331,(423) 4321865,0127e000002bd8JAAQ
FAN-2873227,Aleksander,Clarycott,Alexander.Clarycott@mail.com.pl,,Male,789 Birch Ave,Warsaw,,Poland,00-001,(691) 4368923,0127e000002bd8JAAQ
FAN-2912347,Alaxander,Navan,ANavan159@yahoo.com.rs,1992-11-26,Male,912  Pine Drive,Belgrade,Belgrade,Serbia,11000,(982) 7267300,0127e000002bd8JAAQ
FAN-2934219,Alexander,Dempsey,ADempsey136@apple.com.es,1983-10-16,Male,011  Oak Drive,Seville,Andalusia,Spain,41001,(100) 1582729,0127e000002bd8JAAQ
FAN-2959449,Andre,Ickov,Andrew.Ickov@mail.com,2000-01-18,,135  Cedar Drive,New York,NY,United States,10001,(870) 9383980,0127e000002bd8JAAQ
FAN-3003222,Andrew,Doby,ADoby166@apple.com,1987-02-27,Female,456  Papaya Place,Civic,TX,United States,10987,(193) 8677731,0127e000002bd8JAAQ
FAN-3005348,Andreas,Luard,ALuard247@outlook.com.mx,,Female,808 Pine Rd,Mexico City,,Mexico,6010,(311) 3215240,0127e000002bd8JAAQ
FAN-3007236,Andreas,Coton,Andrew_Coton@aol.com,1988-05-23,,543  Poplar Drive,Borough,NY,United States,43210,(924) 7928398,0127e000002bd8JAAQ
FAN-3014429,Benjamen,Douris,Benjamin_Douris@yahoo.com,1985-10-17,Male,707  Pine Ave,Someplace,NY,United States,10987,(244) 6636937,0127e000002bd8JAAQ
FAN-3033395,Benjamin,Badham,Benjamin_Badham@gmail.com.de,1995-10-18,Nonbinary,101 Pine Rd,Berlin,,Germany,10178,(693) 1460665,0127e000002bd8JAAQ
FAN-3046129,Benjamen,Sherrocks,Benjamin_Sherrocks@yahoo.com,1962-07-08,Male,357 Aspen Way,Someplace,NY,United States,10987,(871) 5421207,0127e000002bd8JAAQ
FAN-3076198,Ben,Wellsman,BWellsman237@outlook.com,1999-07-27,,3141 Cedar Boulevard,Hamlet,NY,United States,87654,,0127e000002bd8JAAQ
FAN-3084374,Cloe,Beacham,Chloe_Beacham@aol.com.ca,1960-07-05,Male,233 Elm Road,Montreal,QC,Canada,H2X 1Y6,,0127e000002bd8JAAQ
FAN-3098704,Chloe,Vest,CVest94@apple.com.dk,1990-11-13,Female,123 Oak Rd,Copenhagen,,Denmark,1000,(491) 8448562,0127e000002bd8JAAQ
FAN-3100350,Chloe,Eagland,CEagland21@apple.com,1965-08-15,Female,346  Pine Court,Chicago,IL,USA,60601,(835) 2576970,0127e000002bd8JAAQ
FAN-3101105,Cloe,Cloake,Chloe_Cloake@aol.com.es,,,1919 Kiwi St,Barcelona,Catalonia,Spain,8001,(932) 8926913,0127e000002bd8JAAQ
FAN-3152141,Christophe,Buddleigh,Christopher_Buddleigh@aol.com.es,1979-09-12,Male,456 Elm Road,Barcelona,Catalonia,Spain,8001,,0127e000002bd8JAAQ
FAN-3187507,Christopher,Screaton,Christopher_Screaton@gmail.com,,Female,1234 Pine Avenue,Locale,CA,United States,10987,(414) 6068537,0127e000002bd8JAAQ
FAN-3210151,Kristopher,Gartell,CGartell70@gmail.com.uk,1982-11-15,,123  Main St,London,England,UK,W1A 1AA,(119) 5578188,0127e000002bd8JAAQ
FAN-3248800,Kristopher,Eschelle,Christopher_Eschelle@yahoo.com.co,2009-10-04,Female,567  Starfruit Avenue,Bogotá,,Colombia,110321,(815) 3542494,0127e000002bd8JAAQ
FAN-3312849,Danial,Breeton,DBreeton233@gmail.com.uk,2007-09-26,Male,987  Willow Circle,Manchester,England,UK,M1 4AE,(956) 2220953,0127e000002bd8JAAQ
FAN-3347106,Daniell,Morphet,DMorphet242@outlook.com.be,1963-04-09,Male,321  Pomegranate Lane,Brussels,Brussels,Belgium,1000,(765) 9535701,0127e000002bd8JAAQ
FAN-3383275,Dan,Le Strange,DLeStrange114@yahoo.com.nl,,Nonbinary,415  Willow Avenue,Amsterdam,North Holland,Netherlands,1012 WX,(718) 2144499,0127e000002bd8JAAQ
FAN-3386074,Daniell,Vidler,DVidler91@outlook.com,,Male,2929  Strawberry St,Los Angeles,CA,USA,90001,,0127e000002bd8JAAQ
FAN-3419281,Lizbeth,Tivnan,ETivnan115@yahoo.com.se,2007-10-12,Male,808 Elm St,Stockholm,,Sweden,11120,(743) 8609319,0127e000002bd8JAAQ
FAN-3421186,Elizabith,Collecott,Elizabeth_Collecott@hotmail.com.uk,1970-07-31,Female,789 Maple Drive,London,England,United Kingdom,W1A 1AA,(153) 6068378,0127e000002bd8JAAQ
FAN-3433993,Elisabeth,Haville,Elizabeth.Haville@mail.com.hu,1968-08-21,Male,4343  Blackberry St,Budapest,,Hungary,1051,,0127e000002bd8JAAQ
FAN-3435455,Elizabith,Casham,Elizabeth_Casham@aol.com.kw,1970-08-10,Male,4141  Strawberry St,Kuwait City,,Kuwait,13001,(277) 7506543,0127e000002bd8JAAQ
FAN-3447873,Emalee,Jereatt,Emily_Jereatt@yahoo.com,1976-03-27,Female,987  Pine Road,Enclave,NY,United States,10987,(125) 8425214,0127e000002bd8JAAQ
FAN-3453369,Amelie,Filippov,EFilippov244@yahoo.com.ca,1978-07-01,,122 Cedar Lane,Toronto,ON,Canada,M5H 2N2,(770) 2312860,0127e000002bd8JAAQ
FAN-3454038,Emily,Perford,EPerford147@apple.com,1966-03-27,Male,334  Pine Street,Metropolis,CA,United States,10987,,0127e000002bd8JAAQ
FAN-3480833,Emmaleigh,Skipp,ESkipp70@outlook.com,1983-04-29,Male,9201 Maple Avenue,Quadrant,CA,United States,23456,(683) 9620602,0127e000002bd8JAAQ
FAN-3503668,Emm,Lorie,Emma_Lorie@hotmail.com,1989-06-25,Nonbinary,123  Willow Ave,City Center,NY,United States,23456,,0127e000002bd8JAAQ
FAN-3535469,Emm,Aslum,EAslum246@yahoo.com.kr,,,1121  Elm Avenue,Seoul,Seoul,South Korea,4347,,0127e000002bd8JAAQ
FAN-3540412,Emma,O'Roan,Emma_O'Roan@gmail.com,,Female,456  Oak Avenue,Neighborhood,TX,United States,87654,(745) 2719959,0127e000002bd8JAAQ
FAN-3546849,Ema,Fretwell,Emma_Fretwell@hotmail.com.fr,,Male,3131  Blackberry St,Paris,Île-de-France,France,75001,,0127e000002bd8JAAQ
FAN-3556696,Eitan,McGarrie,EMcGarrie83@gmail.com.fr,1999-04-21,,123  Cedar Avenue,Paris,Ile-de-France,France,75001,(329) 9793519,0127e000002bd8JAAQ
FAN-3563123,Eitan,Smalley,ESmalley166@gmail.com,2005-07-16,Male,516 Oak Drive,Division,CA,United States,87654,(550) 8735231,0127e000002bd8JAAQ
FAN-3566269,Ethan,Hobbert,EHobbert12@apple.com,,Female,3141  Cedar Boulevard,Province,CA,United States,10987,,0127e000002bd8JAAQ
FAN-3574508,Ethan,Bothe,Ethan_Bothe@gmail.com.au,,Male,202  Cedar St,Sydney,New South Wales,Australia,2000,,0127e000002bd8JAAQ
FAN-3587425,Grayce,Roddell,Grace.Roddell@mail.com.pt,,Male,123 Cedar Avenue,Lisbon,Lisbon,Portugal,1000-001,(968) 4051688,0127e000002bd8JAAQ
FAN-3627891,Gracie,Bailess,GBailess165@yahoo.com.es,1976-01-25,Male,568  Cedar Drive,Madrid,Community of Madrid,Spain,28005,,0127e000002bd8JAAQ
FAN-3651555,Grace,Harbertson,GHarbertson95@apple.com.dk,1996-07-03,Female,789 Grape Way,Copenhagen,Capital Region,Denmark,1000,(688) 4064696,0127e000002bd8JAAQ
FAN-3652969,Greys,Mabee,Grace_Mabee@aol.com.it,1998-06-12,Male,5161  Birch Road,Rome,,Italy,118,,0127e000002bd8JAAQ
FAN-3671488,Izabella,Scintsbury,Isabella_Scintsbury@yahoo.com.de,1984-08-17,Female,678 Pine Drive,Munich,Bavaria,Germany,80331,(691) 3841585,0127e000002bd8JAAQ
FAN-3708832,Isabella,Bedson,IBedson100@apple.com.hu,,Male,3535 Pomegranate St,Budapest,Budapest,Hungary,1051,(758) 6250474,0127e000002bd8JAAQ
FAN-3738861,Izabella,Wenzel,IWenzel54@gmail.com,1976-03-13,Female,1234 Oak Street,Cityville,TX,United States,98765,(720) 6116345,0127e000002bd8JAAQ
FAN-3749804,Isabela,Brotherwood,IBrotherwood123@outlook.com,2000-01-27,Male,505  Walnut St,Nowheresville,TX,United States,23456,(260) 6973857,0127e000002bd8JAAQ
FAN-3752631,Jaymz,Allitt,JAllitt183@yahoo.com,,Male,468  Willow Lane,Quadrant,CA,United States,56789,(953) 5071129,0127e000002bd8JAAQ
FAN-3768183,Jaymes,Excell,JExcell119@gmail.com.fr,1971-04-22,Female,543  Berry Road,Paris,,France,75001,(438) 6395374,0127e000002bd8JAAQ
FAN-3793988,Jaymes,Drinkale,JDrinkale179@gmail.com.es,1978-01-06,,890 Raspberry Lane,Barcelona,Catalonia,Spain,8002,,0127e000002bd8JAAQ
FAN-3803300,Jaims,Pearl,JPearl206@outlook.com.pt,1987-01-21,Male,456 Orange Court,Lisbon,Lisbon,Portugal,1200-001,,0127e000002bd8JAAQ
FAN-3821647,Josef,Shreeve,Joseph.Shreeve@mail.com.pt,2008-05-28,,543  Cherry Blossom Drive,Lisbon,,Portugal,1100-150,(463) 9953438,0127e000002bd8JAAQ
FAN-3848921,Josef,Mobbs,Joseph.Mobbs@mail.com,1963-11-27,Male,654 Pine Road,Nowheresville,TX,United States,23456,(656) 5869354,0127e000002bd8JAAQ
FAN-3858351,Josef,Robottom,JRobottom151@gmail.com.pt,1976-03-15,,234 Birch Lane,Porto,Porto,Portugal,4050-481,(604) 5341979,0127e000002bd8JAAQ
FAN-3884983,Jozef,Garter,Joseph_Garter@aol.com.nl,1988-03-08,Female,123  Oak Rd,Rotterdam,South Holland,Netherlands,3012 BN,(339) 1607370,0127e000002bd8JAAQ
FAN-3902228,Katarina,Perryn,Katherine_Perryn@hotmail.com.nl,1977-08-18,,654 Guava Road,Amsterdam,North Holland,Netherlands,1015 AB,(565) 5767284,0127e000002bd8JAAQ
FAN-3943223,Katarina,Asbury,KAsbury73@yahoo.com.rs,1999-10-16,Nonbinary,2121 Papaya St,Belgrade,Belgrade,Serbia,11000,,0127e000002bd8JAAQ
FAN-3949120,Katarina,Ketteridge,Katherine_Ketteridge@hotmail.com.fr,1967-08-21,Male,901  Birch Road,Marseille,Provence-Alpes-Côte d'Azur,France,13001,,0127e000002bd8JAAQ
FAN-3954535,Kathryn,Stopforth,Katherine_Stopforth@yahoo.com.nl,1999-09-18,Female,2121  Papaya St,Utrecht,Utrecht,Netherlands,3511 WB,(466) 1945630,0127e000002bd8JAAQ
FAN-3959601,Lily,Iacovides,LIacovides167@apple.com.ru,1972-08-08,Male,234 Dragon Fruit Street,Moscow,Moscow,Russia,101000,,0127e000002bd8JAAQ
FAN-3961981,Lillie,Coton,Lily_Coton@yahoo.com.pl,1961-06-05,,4444 Kiwi St,Warsaw,Masovian Voivodeship,Poland,00-001,,0127e000002bd8JAAQ
FAN-3982094,Lilly,Feveryear,LFeveryear169@yahoo.com.ch,1981-02-03,Female,303  Birch St,Zurich,Zurich,Switzerland,8001,(186) 3915241,0127e000002bd8JAAQ
FAN-3984236,Lily,O'Reilly,LO'Reilly46@apple.com,2010-01-19,Male,456  Cedar St,Locale,TX,United States,23456,(529) 8043043,0127e000002bd8JAAQ
FAN-3991804,Madyson,Huntley,MHuntley66@yahoo.com,1964-02-01,,246 Birch Court,Nowhereville,TX,United States,56789,(121) 6172647,0127e000002bd8JAAQ
FAN-3992782,Madyson,Knappitt,MKnappitt219@yahoo.com.it,1981-03-25,,679 Maple Lane,Turin,Piedmont,Italy,10121,(134) 9507331,0127e000002bd8JAAQ
FAN-4006863,Madison,Cast,MCast141@apple.com.at,1988-12-17,Female,808 Mango St,Vienna,Vienna,Austria,1010,,0127e000002bd8JAAQ
FAN-4039618,Madyson,Ridler,MRidler207@yahoo.com.at,2007-02-16,,4040 Raspberry St,Vienna,Vienna,Austria,1010,(981) 9439506,0127e000002bd8JAAQ
FAN-4052700,Matthew,Balloch,Matthew_Balloch@gmail.com.jp,1984-11-19,,8191  Oak Court,Osaka,,Japan,530-0001,(941) 4651649,0127e000002bd8JAAQ
FAN-4064652,Mathew,Bradwell,Matthew_Bradwell@yahoo.com.ru,1957-06-10,,680  Pine Avenue,Moscow,,Russia,101000,(649) 7721686,0127e000002bd8JAAQ
FAN-4071192,Mathew,Melland,Matthew_Melland@yahoo.com.ru,,Male,789 Cedar Rd,Moscow,,Russia,101000,(412) 8503264,0127e000002bd8JAAQ
FAN-4106602,Mathew,Beat,Matthew_Beat@yahoo.com,1996-11-20,,2222  Pomegranate St,Precinct,NY,United States,10987,,0127e000002bd8JAAQ
FAN-4114651,Michal,Isherwood,Michael_Isherwood@hotmail.com,1994-04-19,Male,910 Elm Way,Block,NY,United States,87654,,0127e000002bd8JAAQ
FAN-4178110,Mikael,Widdison,Michael.Widdison@mail.com.fr,,Male,789 Maple Ln,Paris,,France,75001,(523) 2103042,0127e000002bd8JAAQ
FAN-4249771,Michael,Walter,MWalter60@apple.com.cz,1966-05-26,Male,404  Pine Ave,Prague,,Czech Republic,110 00,,0127e000002bd8JAAQ
FAN-4256097,Mikael,Robottom,MRobottom41@gmail.com.es,,Male,789  Oak Street,Seville,Andalusia,Spain,41001,,0127e000002bd8JAAQ
FAN-4260800,Olyvia,Zuker,Olivia.Zuker@mail.com.kr,,Female,1234  Oak Street,Seoul,Seoul,South Korea,4534,(147) 1318802,0127e000002bd8JAAQ
FAN-4271837,Olivia,Haggarth,OHaggarth22@apple.com.pl,1985-12-21,Female,3434  Papaya St,Warsaw,Masovian Voivodeship,Poland,00-001,(873) 5891758,0127e000002bd8JAAQ
FAN-4288380,Alivia,Cardoo,Olivia_Cardoo@aol.com.es,1987-10-13,Female,654 Lime Lane,Madrid,Community of Madrid,Spain,28046,(516) 9955165,0127e000002bd8JAAQ
FAN-4366191,Olivia,Mustoo,OMustoo98@apple.com,,Female,789 Elm Lane,Cityscape,NY,United States,87654,,0127e000002bd8JAAQ
FAN-4417821,Sam,Trowell,STrowell56@gmail.com,,Male,314 Aspen Street,Quadrant,TX,United States,10987,,0127e000002bd8JAAQ
FAN-4443492,Samuelito,Luety,SLuety22@yahoo.com.es,1968-04-13,,808  Mango St,Barcelona,Catalonia,Spain,8001,(847) 9829828,0127e000002bd8JAAQ
FAN-4473215,Sam,Dumbrall,Samuel.Dumbrall@mail.com,1972-08-31,Male,404  Willow Rd,District,CA,United States,87654,(653) 9848252,0127e000002bd8JAAQ
FAN-4487222,Samuelito,Moppett,SMoppett79@yahoo.com.es,1972-10-08,Female,210  Pineapple Express,Madrid,,Spain,28001,,0127e000002bd8JAAQ
FAN-4493681,Sophia,Beszant,Sophia_Beszant@gmail.com,2006-12-04,Male,123 Main Street,New York,NY,USA,10001,(424) 8172085,0127e000002bd8JAAQ
FAN-4502391,Sofiya,Presidey,SPresidey168@yahoo.com,1987-04-02,,789 Oak Street,Chicago,IL,USA,60601,(467) 5381165,0127e000002bd8JAAQ
FAN-4507538,Sofia,Fooks,Sophia_Fooks@yahoo.com.se,1973-02-27,,987 Apple Street,Stockholm,Stockholm,Sweden,11120,(280) 5856762,0127e000002bd8JAAQ
FAN-4546736,Sophia,Douris,SDouris93@apple.com.ar,,,707 Pine Ave,Buenos Aires,,Argentina,C1002ABC,(244) 6636937,0127e000002bd8JAAQ
FAN-4585835,Willem,Jones,William_Jones@aol.com.kw,1983-06-15,Female,707 Maple St,Kuwait City,,Kuwait,13001,(253) 2463197,0127e000002bd8JAAQ
FAN-4609141,Willem,Gabitis,William_Gabitis@aol.com.se,1972-01-02,,3535  Pomegranate St,Stockholm,Stockholm,Sweden,11120,(483) 3473414,0127e000002bd8JAAQ
FAN-4621006,Willem,Gynni,William_Gynni@aol.com.ca,1980-09-27,Female,556 Cedar Avenue,Toronto,ON,Canada,M5H 2N2,(956) 4834035,0127e000002bd8JAAQ
FAN-4624515,Willem,Dewick,William_Dewick@aol.com,,Female,718 Pine Boulevard,Precinct,NY,United States,10987,(416) 7049843,0127e000002bd8JAAQ
FAN-4631058,Abigayle,Goodley,Abigail_Goodley@hotmail.com.pt,1973-05-13,Male,987 Passionfruit Drive,Lisbon,Lisbon,Portugal,1600-001,(710) 6354081,0127e000002bd8JAAQ
FAN-4648879,Abigayle,Cinnamond,Abigail_Cinnamond@aol.com.pt,1985-11-30,,788  Cedar Road,Lisbon,Lisbon,Portugal,1200-001,,0127e000002bd8JAAQ
FAN-4653087,Abigale,Tourry,ATourry162@gmail.com.fi,2000-05-18,Female,718  Pine Boulevard,Helsinki,Uusimaa,Finland,100,,0127e000002bd8JAAQ
FAN-4694466,Abigail,Jouandet,Abigail_Jouandet@gmail.com.uk,,,246 Oakwood Lane,Manchester,England,UK,M1 4AE,(122) 6276272,0127e000002bd8JAAQ
FAN-4748204,Aiden,Ox,AOx26@apple.com.de,1997-07-14,,456  Cedar Road,Berlin,Berlin,Germany,10115,(935) 8403090,0127e000002bd8JAAQ
FAN-4760490,Aidan,Gritskov,Aiden.Gritskov@mail.com.be,,,4747 Pomegranate St,Brussels,Brussels,Belgium,1000,(685) 5503178,0127e000002bd8JAAQ
FAN-4774750,Ayden,Sparsholt,ASparsholt1@outlook.com.it,1968-12-22,Female,210 Pineapple Express,Milan,Lombardy,Italy,20121,(666) 7031390,0127e000002bd8JAAQ
FAN-4786451,Adan,Guinan,Aiden_Guinan@hotmail.com.ae,1997-11-14,Male,606  Cedar St,Dubai,,United Arab Emirates,12345,(419) 5479448,0127e000002bd8JAAQ
FAN-4794615,Alaxander,Attwoull,Alexander_Attwoull@hotmail.com.fr,1984-05-05,,123  Plum Avenue,Lyon,Auvergne-Rhône-Alpes,France,69001,(739) 1202240,0127e000002bd8JAAQ
FAN-4812257,Alexzander,Ivashkov,AIvashkov3@outlook.com.se,1956-06-23,Male,1313 Lemon St,Stockholm,Stockholm,Sweden,11120,,0127e000002bd8JAAQ
FAN-4816003,Alexzander,Juckes,Alexander_Juckes@hotmail.com,1969-07-26,Male,314 Cedar Way,Sector,NY,United States,56789,(750) 9509090,0127e000002bd8JAAQ
FAN-4821689,Alaxander,Dinsdale,Alexander_Dinsdale@hotmail.com.nl,1976-01-04,Male,920  Elm Road,Amsterdam,,Netherlands,1012 JS,,0127e000002bd8JAAQ
FAN-4846480,Andre,Cullingford,Andrew.Cullingford@mail.com.ca,1962-05-14,Female,101  Pine Rd,Toronto,ON,Canada,M5H 2N2,,0127e000002bd8JAAQ
FAN-4856255,Andrey,Brodley,ABrodley117@yahoo.com.at,1960-06-28,Male,3333  Avocado St,Vienna,Vienna,Austria,1010,(404) 3121043,0127e000002bd8JAAQ
FAN-4876744,Andrey,Silversmid,Andrew_Silversmid@hotmail.com,1969-09-01,Female,516  Birch Street,Hometown,TX,United States,23456,(696) 6553311,0127e000002bd8JAAQ
FAN-4899454,Andre,Acey,AAcey31@gmail.com.uk,1964-09-17,,123  Pine Avenue,Manchester,England,UK,M1 4AE,(877) 7896343,0127e000002bd8JAAQ
FAN-4912460,Benjamin,Searby,BSearby26@apple.com.ru,,Female,234  Cedar Court,Moscow,Moscow,Russia,101000,,0127e000002bd8JAAQ
FAN-4931307,Benjamin,Chiechio,BChiechio241@apple.com.be,1958-03-23,Male,606 Cedar Ave,Brussels,,Belgium,1000,(891) 6482676,0127e000002bd8JAAQ
FAN-4935652,Benjamen,Turland,Benjamin.Turland@mail.com.kr,1980-11-30,Female,123 Willow Ave,Seoul,,South Korea,4526,(929) 2985615,0127e000002bd8JAAQ
FAN-4945909,Benjamen,Boriston,BBoriston193@gmail.com.uk,1994-10-23,Male,765  Redwood Avenue,Manchester,England,UK,M1 4AE,(168) 9978101,0127e000002bd8JAAQ
FAN-4961949,Khloe,Borrill,Chloe.Borrill@mail.com.dk,1996-09-05,Male,765  Blackberry Way,Copenhagen,Capital Region,Denmark,1000,(941) 5951424,0127e000002bd8JAAQ
FAN-4979379,Cloe,Devita,Chloe_Devita@aol.com.es,1965-06-18,Female,303 Elm St,Madrid,,Spain,28001,(486) 9434533,0127e000002bd8JAAQ
FAN-5011491,Cleo,Collingridge,CCollingridge184@yahoo.com.es,2000-10-20,Female,233  Elm Road,Madrid,Community of Madrid,Spain,28046,(806) 1677856,0127e000002bd8JAAQ
FAN-5012641,Cloe,Walch,Chloe_Walch@aol.com.ca,2000-08-03,Male,432  Mango Way,Montreal,QC,Canada,H2X 1Y6,(194) 8430734,0127e000002bd8JAAQ
FAN-5021721,Christophe,Extil,Christopher_Extil@hotmail.com,2007-06-30,Nonbinary,789  Kiwi Avenue,Nowhereville,TX,United States,56789,,0127e000002bd8JAAQ
FAN-5044681,Christophe,Nisby,Christopher_Nisby@aol.com.pt,1982-03-14,,404 Birch St,Lisbon,,Portugal,1100-150,(465) 1250527,0127e000002bd8JAAQ
FAN-5092760,Kristopher,Pellitt,Christopher_Pellitt@yahoo.com,1994-12-28,Female,5678 Cedar Road,Sector,TX,United States,56789,(974) 1291081,0127e000002bd8JAAQ
FAN-5094783,Christophe,Warland,Christopher_Warland@hotmail.com.kr,1957-12-02,Male,909 Oak Ln,Seoul,,South Korea,4526,,0127e000002bd8JAAQ
FAN-5102264,Daniel,Houseago,Daniel_Houseago@gmail.com.es,1977-04-16,,505  Maple Ln,Barcelona,Catalonia,Spain,8003,,0127e000002bd8JAAQ
FAN-5108571,Daniell,Oyley,DOyley136@outlook.com.hu,1970-01-11,Nonbinary,987  Apple Street,Budapest,Budapest,Hungary,1051,(188) 5949572,0127e000002bd8JAAQ
FAN-5108806,Daniell,Boldero,Daniel_Boldero@hotmail.com.jp,1991-05-04,Male,876 Cranberry Avenue,Osaka,Osaka,Japan,540-0002,(567) 2383625,0127e000002bd8JAAQ
FAN-5135309,Daniell,Discombe,Daniel_Discombe@aol.com.de,2006-12-10,Nonbinary,890 Lychee Lane,Berlin,Berlin,Germany,10115,(787) 3320439,0127e000002bd8JAAQ
FAN-5177054,Elizabeth,Smees,ESmees59@apple.com.pt,,Male,101  Maple Ave,Lisbon,Lisbon,Portugal,1000-001,(766) 5984231,0127e000002bd8JAAQ
FAN-5194773,Elizabith,Esposita,EEsposita249@outlook.com.es,1982-04-26,Male,876  Fir Boulevard,Madrid,Community of Madrid,Spain,28001,(516) 2520835,0127e000002bd8JAAQ
FAN-5213371,Elisabeth,Percival,Elizabeth.Percival@mail.com,,,819 Oak Lane,Neighborhood,TX,United States,87654,(174) 9963966,0127e000002bd8JAAQ
FAN-5241210,Elisabeth,Loffel,Elizabeth_Loffel@yahoo.com,1965-07-24,Male,321 Elm Street,Everyville,CA,United States,98765,(357) 7597543,0127e000002bd8JAAQ
FAN-5296137,Emmaleigh,Hendin,Emily_Hendin@hotmail.com,1994-12-16,,1234 Oak Place,Downtown,CA,United States,54321,(729) 1569585,0127e000002bd8JAAQ
FAN-5337461,Emalee,Buxton,Emily.Buxton@mail.com,2007-09-08,Male,456 Elm Street,Los Angeles,CA,USA,90001,(258) 8498474,0127e000002bd8JAAQ
FAN-5338519,Amelie,Geraudel,EGeraudel134@yahoo.com,,Male,617 Aspen Road,Enclave,NY,United States,10987,(441) 4756626,0127e000002bd8JAAQ
FAN-5346857,Amelie,Gisburn,Emily_Gisburn@hotmail.com.fi,1956-09-19,,1121  Birch Lane,Helsinki,,Finland,100,,0127e000002bd8JAAQ
FAN-5380231,Ema,Sheers,Emma_Sheers@aol.com,1991-12-27,Female,457  Oakwood Avenue,Countryside,TX,United States,10987,(226) 2772504,0127e000002bd8JAAQ
FAN-5404908,Emma,Lefwich,ELefwich147@apple.com.uk,,,654  Pine Road,London,England,United Kingdom,W1A 1AA,(666) 5950648,0127e000002bd8JAAQ
FAN-5424532,Emmah,Hannabus,EHannabus106@gmail.com,1968-11-26,Female,456  Maple St,Precinct,CA,United States,23456,,0127e000002bd8JAAQ
FAN-5429490,Emm,Arrington,EArrington58@yahoo.com,2003-10-22,Male,456  Oak St,Townsville,NY,United States,12345,(193) 5340006,0127e000002bd8JAAQ
FAN-5452841,Athan,Vautier,EVautier178@yahoo.com.nl,,,912 Pine Drive,Utrecht,Utrecht,Netherlands,3511 WB,(717) 1214735,0127e000002bd8JAAQ
FAN-5475271,Ethen,Treske,Ethan_Treske@hotmail.com,1978-06-18,Male,8191 Oak Boulevard,Zone,NY,United States,87654,(961) 1265183,0127e000002bd8JAAQ
FAN-5518568,Athan,Tireman,ETireman183@yahoo.com.ae,1963-01-26,Female,808 Birch Ave,Dubai,,United Arab Emirates,12345,,0127e000002bd8JAAQ
FAN-5532874,Ethen,Phinn,EPhinn162@outlook.com.uk,2002-10-09,Female,889  Maple Street,London,,United Kingdom,W1A 1AA,(799) 7396488,0127e000002bd8JAAQ
FAN-5549789,Greys,Stucke,Grace_Stucke@hotmail.com.ru,1998-12-06,Male,112  Elm Lane,Moscow,Moscow,Russia,101000,(172) 4081334,0127e000002bd8JAAQ
FAN-5577886,Grayce,McPolin,Grace_McPolin@yahoo.com.es,,Female,123  Watermelon Street,Madrid,Community of Madrid,Spain,28001,(153) 2686905,0127e000002bd8JAAQ
FAN-5580824,Grace,Geane,Grace_Geane@gmail.com.ru,1962-11-17,Male,876 Fir Boulevard,Moscow,Moscow,Russia,101000,(311) 4609825,0127e000002bd8JAAQ
FAN-5582393,Grayce,Keers,GKeers72@gmail.com,1994-11-11,Male,135 Redwood Blvd,Somewhereton,CA,United States,43210,,0127e000002bd8JAAQ
FAN-5616515,Isabela,Gilchrist,IGilchrist0@outlook.com.fr,1984-10-08,Female,404  Birch St,Paris,Ile-de-France,France,75002,(531) 4448084,0127e000002bd8JAAQ
FAN-5630273,Isabela,Nazareth,Isabella_Nazareth@aol.com.ca,2008-08-03,Nonbinary,791  Oak Lane,Toronto,ON,Canada,M5H 2N2,(591) 2029574,0127e000002bd8JAAQ
FAN-5641799,Izabella,Andreu,Isabella.Andreu@mail.com,1960-02-24,Female,819  Oak Lane,Los Angeles,CA,United States,90001,(261) 4366113,0127e000002bd8JAAQ
FAN-5646890,Isabela,Ruselin,Isabella_Ruselin@hotmail.com,1978-12-04,Female,920 Elm Road,Zone,TX,United States,87654,(692) 6850377,0127e000002bd8JAAQ
FAN-5682181,Jaims,Bedham,JBedham66@outlook.com.be,1970-01-27,Female,5678  Maple Street,Brussels,Brussels,Belgium,1000,(273) 7794240,0127e000002bd8JAAQ
FAN-5684079,Jaims,Batter,James_Batter@aol.com.br,1972-01-05,Female,808  Birch Ave,Rio de Janeiro,,Brazil,20040-002,(798) 5248792,0127e000002bd8JAAQ
FAN-5698447,Jaims,Billison,JBillison185@outlook.com.hr,2010-03-31,,2525 Coconut St,Zagreb,Zagreb,Croatia,10000,,0127e000002bd8JAAQ
FAN-5711714,Jaims,Sharrock,JSharrock44@outlook.com.es,1963-02-21,,778  Birch Road,Barcelona,Catalonia,Spain,8001,(333) 4193263,0127e000002bd8JAAQ
FAN-5716145,Josef,Pybworth,JPybworth94@gmail.com.br,1977-09-19,,765 Blackberry Way,Sao Paulo,Sao Paulo,Brazil,01310-100,(316) 8686105,0127e000002bd8JAAQ
FAN-5719268,Jozef,Huke,Joseph_Huke@aol.com.pt,1969-06-26,Female,890  Cedar Street,Lisbon,Lisbon,Portugal,1500-001,(674) 9556343,0127e000002bd8JAAQ
FAN-5725845,Josef,Crisell,JCrisell184@gmail.com.it,1973-08-28,Female,7181  Willow Street,Rome,,Italy,153,(709) 3748435,0127e000002bd8JAAQ
FAN-5733546,Josef,Dillet,Joseph.Dillet@mail.com.uk,,Female,505 Walnut St,London,England,United Kingdom,W1A 1AA,,0127e000002bd8JAAQ
FAN-5794849,Kathryn,Fawlks,KFawlks80@gmail.com.nl,1996-03-29,Male,432 Sycamore Street,Amsterdam,North Holland,Netherlands,1012 AB,(492) 3273399,0127e000002bd8JAAQ
FAN-5842090,Katherine,Vasilov,Katherine_Vasilov@gmail.com,1992-09-20,Male,123 Main Street,New York,NY,United States,10001,,0127e000002bd8JAAQ
FAN-5846137,Catherine,Turmell,KTurmell233@outlook.com.de,1961-07-13,Male,567 Blueberry Road,Munich,Bavaria,Germany,80331,,0127e000002bd8JAAQ
FAN-5857056,Katarina,Platfoot,Katherine_Platfoot@hotmail.com.de,1986-05-29,,900  Pine Road,Munich,Bavaria,Germany,80331,(473) 3539157,0127e000002bd8JAAQ
FAN-5891463,Lily,Honniebal,LHonniebal165@apple.com.es,1993-07-22,Male,3333 Avocado St,Barcelona,Catalonia,Spain,8001,(902) 8476304,0127e000002bd8JAAQ
FAN-5965623,Lillie,Corbally,Lily.Corbally@mail.com.jp,1964-12-11,Female,543 Poplar Drive,Tokyo,Tokyo,Japan,100-0001,,0127e000002bd8JAAQ
FAN-5974286,Lily,Fullerton,Lily_Fullerton@gmail.com,1967-12-01,Female,223  Maple Drive,New York,NY,United States,10001,(737) 5972879,0127e000002bd8JAAQ
FAN-5994508,Lili,Isack,LIsack212@outlook.com.gr,,Female,789  Birch Ave,Athens,Attica,Greece,105 64,(822) 1977253,0127e000002bd8JAAQ
FAN-6026267,Madison,Ridhole,Madison_Ridhole@gmail.com.br,1964-10-28,Female,987 Pine Road,Rio de Janeiro,Rio de Janeiro,Brazil,20000-001,,0127e000002bd8JAAQ
FAN-6038732,Maddison,Leithgoe,Madison_Leithgoe@hotmail.com.es,2006-07-14,Male,1616 Raspberry St,Seville,Andalusia,Spain,41001,(560) 4791042,0127e000002bd8JAAQ
FAN-6069281,Madison,Organer,MOrganer106@apple.com.br,1983-04-07,,606 Birch St,Rio de Janeiro,,Brazil,20040-002,,0127e000002bd8JAAQ
FAN-6081319,Maddison,Dolley,Madison_Dolley@aol.com.ch,2008-12-30,Male,432  Sycamore Street,Zurich,,Switzerland,8001,(352) 2198585,0127e000002bd8JAAQ
FAN-6120777,Mathew,Acres,Matthew.Acres@mail.com.fi,1960-12-24,Female,456 Maple St,Helsinki,,Finland,100,(586) 6161600,0127e000002bd8JAAQ
FAN-6159792,Matthieu,Amberson,Matthew_Amberson@hotmail.com.it,1979-09-10,,404 Willow Rd,Rome,,Italy,153,(634) 8565359,0127e000002bd8JAAQ
FAN-6175585,Mathew,Geaves,Matthew.Geaves@mail.com.pt,2009-09-03,,321  Elm Street,Lisbon,Lisbon,Portugal,1000-001,,0127e000002bd8JAAQ
FAN-6181985,Matthew,Klesse,Matthew_Klesse@gmail.com,,,456 Oak Avenue,Los Angeles,CA,United States,90001,(747) 5591028,0127e000002bd8JAAQ
FAN-6192922,Mikael,Noller,MNoller26@gmail.com.at,,,4848  Watermelon St,Vienna,Vienna,Austria,1010,,0127e000002bd8JAAQ
FAN-6213345,Michal,Chiechio,Michael_Chiechio@hotmail.com.dk,1995-01-13,,3737 Pineapple St,Copenhagen,Capital Region,Denmark,1000,(130) 4906745,0127e000002bd8JAAQ
FAN-6217413,Michal,Robley,Michael_Robley@hotmail.com,1965-01-14,Male,202  Elm St,New York,NY,USA,10001,(480) 1076437,0127e000002bd8JAAQ
FAN-6217465,Michal,Ridder,Michael_Ridder@hotmail.com,1993-02-11,Nonbinary,9201 Maple Way,Region,NY,United States,56789,(644) 1778617,0127e000002bd8JAAQ
FAN-6246845,Alivia,Wardhaw,Olivia_Wardhaw@aol.com.dk,1957-01-23,Female,707 Pineapple St,Copenhagen,Capital Region,Denmark,1000,,0127e000002bd8JAAQ
FAN-6274921,Alivia,A'Barrow,OA'Barrow235@outlook.com.fr,1992-12-28,Female,543 Cherry Blossom Drive,Paris,Ile-de-France,France,75002,(266) 6503831,0127e000002bd8JAAQ
FAN-6285208,Olyvia,Jones,Olivia_Jones@yahoo.com.fr,1993-06-15,Female,1818 Blackberry St,Lyon,Auvergne-Rhône-Alpes,France,69001,(253) 2463197,0127e000002bd8JAAQ
FAN-6312582,Alivia,Bodega,Olivia_Bodega@aol.com.de,1966-03-04,,202 Cedar Ln,Berlin,,Germany,10115,(405) 5853389,0127e000002bd8JAAQ
FAN-6313568,Samuel,Georgeon,SGeorgeon187@apple.com.fr,,,234  Avocado Drive,Paris,Ile-de-France,France,75001,(669) 9857655,0127e000002bd8JAAQ
FAN-6320785,Samuel,Atton,Samuel_Atton@gmail.com,1977-10-09,Female,789  Grape Way,Sector,TX,United States,56789,,0127e000002bd8JAAQ
FAN-6322324,Samuelito,Hulett,Samuel_Hulett@hotmail.com.cz,1959-06-03,Female,2828  Raspberry St,Prague,Prague,Czech Republic,110 00,(378) 5691085,0127e000002bd8JAAQ
FAN-6326306,Samuell,Ticehurst,STicehurst157@outlook.com.ca,1960-03-09,Male,654 Birch Lane,Montreal,QC,Canada,H2X 1Y6,,0127e000002bd8JAAQ
FAN-6401003,Sophia,Sobtka,SSobtka31@apple.com.fr,2000-10-05,Male,567  Blueberry Road,Lyon,Auvergne-Rhône-Alpes,France,69001,(149) 4240292,0127e000002bd8JAAQ
FAN-6403070,Sophia,Haws,SHaws76@apple.com.uk,,,123  Main Street,London,England,UK,W1A 1AA,(440) 1967606,0127e000002bd8JAAQ
FAN-6429699,Sofia,Forkan,SForkan152@gmail.com.br,2009-01-06,Female,606 Cedar St,Rio de Janeiro,,Brazil,20040-002,,0127e000002bd8JAAQ
FAN-6443902,Sofia,Flockhart,Sophia_Flockhart@yahoo.com,1960-02-27,Nonbinary,5050  Coconut St,Nowhere,NY,United States,54321,,0127e000002bd8JAAQ
FAN-6446029,Guillermo,Geekie,WGeekie127@yahoo.com.de,,,456  Elm Street,Munich,Bavaria,Germany,80331,(568) 2797064,0127e000002bd8JAAQ
FAN-6452215,Will,McKaile,William_McKaile@yahoo.com.hu,1970-06-30,Female,1313  Lemon St,Budapest,Budapest,Hungary,1051,(985) 3289767,0127e000002bd8JAAQ
FAN-6556632,Willem,Trevena,WTrevena51@outlook.com,1973-12-25,,303  Pine Rd,Zone,TX,United States,87654,(928) 1851130,0127e000002bd8JAAQ
FAN-6556996,Willem,Zelley,WZelley196@outlook.com.kr,1993-10-27,Male,456 Papaya Place,Seoul,Seoul,South Korea,4347,(326) 1576357,0127e000002bd8JAAQ
FAN-6563416,Abigale,Airton,AAirton13@gmail.com.fr,,Female,899 Elm Street,Marseille,Provence-Alpes-Côte d'Azur,France,13001,,0127e000002bd8JAAQ
FAN-6588568,Abigail,Mills,AMills157@apple.com.jp,2002-09-09,Female,789  Maple Drive,Osaka,Osaka,Japan,540-0002,,0127e000002bd8JAAQ
FAN-6609153,Abigale,Bengoechea,ABengoechea39@gmail.com,,,303  Willow St,Villageville,CA,United States,54321,,0127e000002bd8JAAQ
FAN-6610302,Abigale,Thoresbie,Abigail.Thoresbie@mail.com.it,1993-01-19,,890  Lychee Lane,Turin,Piedmont,Italy,10121,(259) 7387043,0127e000002bd8JAAQ
FAN-6611727,Aiden,Reisenstein,AReisenstein206@apple.com.jp,1960-12-06,Male,415  Elm Court,Tokyo,,Japan,100-0001,,0127e000002bd8JAAQ
FAN-6612908,Ayden,Baumert,Aiden_Baumert@hotmail.com.dk,1981-09-20,Male,801  Elm Road,Copenhagen,,Denmark,1000,(998) 1990187,0127e000002bd8JAAQ
FAN-6619778,Ayden,Penwarden,Aiden_Penwarden@aol.com.de,1999-03-22,,456 Oak St,Berlin,Berlin,Germany,10115,(159) 5209015,0127e000002bd8JAAQ
FAN-6632248,Aidan,Gonsalo,Aiden.Gonsalo@mail.com.es,1961-07-21,,789  Nectarine Way,Madrid,Madrid,Spain,28001,,0127e000002bd8JAAQ
FAN-6641977,Alexander,Harbert,AHarbert227@apple.com,1986-02-18,,505  Willow Ln,Block,NY,United States,87654,(412) 1643804,0127e000002bd8JAAQ
FAN-6663233,Alexzander,Sextie,Alexander_Sextie@aol.com.es,1973-08-28,Female,234 Cedar Court,Madrid,Community of Madrid,Spain,28001,(498) 7338743,0127e000002bd8JAAQ
FAN-6692229,Aleksander,Isaq,Alexander_Isaq@yahoo.com.uk,1959-01-11,,909  Elm Ln,London,England,UK,W1A 1AA,,0127e000002bd8JAAQ
FAN-6710162,Aleksander,Lokier,ALokier238@gmail.com.es,,,346 Pine Court,Seville,Andalusia,Spain,41001,(966) 4945865,0127e000002bd8JAAQ
FAN-6710556,Andrey,Townsend,ATownsend149@yahoo.com.sg,1960-06-26,Male,456  Maple Ave,Singapore,,Singapore,179805,(827) 6762732,0127e000002bd8JAAQ
FAN-6712707,Andreas,McVicker,Andrew_McVicker@aol.com.cz,1981-12-09,Female,101 Cedar Rd,Prague,,Czech Republic,110 00,(217) 5374811,0127e000002bd8JAAQ
FAN-6719098,Andre,Alekseicik,Andrew.Alekseicik@mail.com.ca,1983-12-30,Male,456  Elm Road,Vancouver,BC,Canada,V6B 4Y8,(941) 8419940,0127e000002bd8JAAQ
FAN-6773409,Andrey,Hitter,Andrew_Hitter@hotmail.com.it,2001-11-08,Male,457 Oakwood Avenue,Rome,Lazio,Italy,118,(874) 1526131,0127e000002bd8JAAQ
FAN-6797746,Ben,Batistelli,BBatistelli17@outlook.com.de,1978-06-30,Female,567 Maple Lane,Berlin,Berlin,Germany,10115,,0127e000002bd8JAAQ
FAN-6806240,Benjamen,Ruddle,Benjamin_Ruddle@yahoo.com,1989-01-18,,123 Main St,New York,NY,United States,10001,(932) 5545246,0127e000002bd8JAAQ
FAN-6806930,Benjamen,Petschel,Benjamin_Petschel@yahoo.com,1987-05-18,Male,112 Pine Lane,Division,TX,United States,10987,,0127e000002bd8JAAQ
FAN-6841199,Ben,Exposito,Benjamin_Exposito@aol.com,,,1121  Elm Road,Precinct,TX,United States,23456,(393) 2992673,0127e000002bd8JAAQ
FAN-6851460,Khloe,Dederick,Chloe_Dederick@yahoo.com.fr,,Nonbinary,101 Maple Ave,Paris,,France,75001,(828) 6094924,0127e000002bd8JAAQ
FAN-6868722,Cloe,Docherty,CDocherty57@outlook.com,,,011 Oak Drive,Chicago,IL,USA,60601,,0127e000002bd8JAAQ
FAN-6879382,Cleo,Klaff,Chloe_Klaff@hotmail.com.es,1978-06-01,Female,4848 Watermelon St,Barcelona,Catalonia,Spain,8001,(968) 2029882,0127e000002bd8JAAQ
FAN-6884009,Khloe,Wornum,CWornum77@gmail.com.pt,1985-01-03,Female,234 Avocado Drive,Lisbon,Lisbon,Portugal,1500-001,(979) 5313959,0127e000002bd8JAAQ
FAN-6923316,Christopher,Knapper,Christopher_Knapper@gmail.com,1964-04-06,,789  Pine St,New York,NY,USA,10001,(718) 3089203,0127e000002bd8JAAQ
FAN-6969291,Kristopher,Chiechio,Christopher.Chiechio@mail.com,2008-07-04,Male,7181 Willow Street,Territory,TX,United States,56789,(891) 6482676,0127e000002bd8JAAQ
FAN-6991462,Krystoffer,Arnaudon,Christopher_Arnaudon@hotmail.com.mx,,Male,303  Oak Ave,Mexico City,,Mexico,6010,(462) 1412921,0127e000002bd8JAAQ
FAN-7007002,Christophe,Flude,Christopher_Flude@hotmail.com,,Female,913  Cedar Street,Quadrant,TX,United States,10987,(980) 1711817,0127e000002bd8JAAQ
FAN-7032518,Daniell,Bartell,DBartell152@outlook.com.uk,,,135 Cedar Drive,London,England,UK,W1A 1AA,(259) 6095721,0127e000002bd8JAAQ
FAN-7033922,Daniell,Fitzgerald,Daniel_Fitzgerald@aol.com.pt,1961-02-03,,4646 Papaya St,Lisbon,Lisbon,Portugal,1000-001,(821) 2888611,0127e000002bd8JAAQ
FAN-7079135,Daniell,Posnette,Daniel_Posnette@aol.com.nl,1975-07-22,,606  Cherry St,Amsterdam,North Holland,Netherlands,1012 RJ,,0127e000002bd8JAAQ
FAN-7083006,Daniel,Senner,DSenner63@apple.com.kr,1970-11-27,Female,456 Apricot Drive,Seoul,Seoul,South Korea,4534,,0127e000002bd8JAAQ
FAN-7106045,Elizabith,Bather,Elizabeth_Bather@aol.com.gr,,Male,4151  Redwood Avenue,Athens,,Greece,105 64,(424) 7995940,0127e000002bd8JAAQ
FAN-7113971,Lizbeth,Belleny,Elizabeth_Belleny@hotmail.com.se,1988-11-24,Male,2323  Watermelon St,Stockholm,Stockholm,Sweden,11120,(766) 9850609,0127e000002bd8JAAQ
FAN-7127838,Elizabeth,Bouttell,EBouttell181@apple.com.fr,2003-07-26,Nonbinary,112 Elm Lane,Lyon,Auvergne-Rhône-Alpes,France,69001,,0127e000002bd8JAAQ
FAN-7146245,Elizabith,Tennet,ETennet223@outlook.com.cn,1972-10-07,,123 Pine St,Beijing,,China,100006,,0127e000002bd8JAAQ
FAN-7160701,Emalee,Ebi,Emily.Ebi@mail.com.at,1967-08-20,Female,2424 Pineapple St,Vienna,Vienna,Austria,1010,,0127e000002bd8JAAQ
FAN-7165972,Emily,Kaufman,Emily_Kaufman@gmail.com.kr,1968-06-08,Male,210 Pineapple Street,Seoul,Seoul,South Korea,3142,,0127e000002bd8JAAQ
FAN-7196370,Emmaleigh,Berthot,Emily_Berthot@hotmail.com.nl,,Female,303 Birch St,Amsterdam,North Holland,Netherlands,1012 RJ,(479) 5595393,0127e000002bd8JAAQ
FAN-7216049,Emmaleigh,Bolver,Emily_Bolver@hotmail.com.bg,,,707  Maple Ave,Sofia,Sofia-Capital,Bulgaria,1000,(463) 1762605,0127e000002bd8JAAQ
FAN-7222926,Emmah,Castanares,ECastanares70@gmail.com.ru,1980-11-10,Male,4343 Blackberry St,St. Petersburg,Leningrad Oblast,Russia,190000,(417) 1941135,0127e000002bd8JAAQ
FAN-7227009,Ema,Pomroy,Emma_Pomroy@hotmail.com.kr,1967-12-09,Male,789  Elm Lane,Seoul,,South Korea,4526,(594) 4747457,0127e000002bd8JAAQ
FAN-7237221,Ema,Florey,Emma_Florey@hotmail.com.fr,,,123 Main St,Paris,Île-de-France,France,75001,(740) 9653626,0127e000002bd8JAAQ
FAN-7258700,Emmah,Bentzen,Emma_Bentzen@yahoo.com.de,1976-09-11,Female,321  Maple Avenue,Berlin,Berlin,Germany,10115,,0127e000002bd8JAAQ
FAN-7265098,Ethen,Baitey,Ethan_Baitey@aol.com,1991-08-18,,5678 Maple Street,Suburb,TX,United States,87654,(939) 3577495,0127e000002bd8JAAQ
FAN-7276113,Ethen,Sine,Ethan_Sine@hotmail.com.es,2005-12-28,Female,344  Birch Avenue,Barcelona,Catalonia,Spain,8001,(447) 3995245,0127e000002bd8JAAQ
FAN-7332220,Ethan,Fifield,Ethan_Fifield@gmail.com.jp,1988-03-15,,210 Grape Lane,Osaka,Osaka,Japan,530-0001,,0127e000002bd8JAAQ
FAN-7337276,Eitan,Kirkham,EKirkham117@gmail.com,2006-07-25,,6171  Aspen Way,Hamlet,NY,United States,87654,(456) 6975570,0127e000002bd8JAAQ
FAN-7393798,Greys,MacAlees,GMacAlees111@outlook.com.gr,1975-08-21,,4444  Kiwi St,Athens,Attica,Greece,105 64,(702) 3252746,0127e000002bd8JAAQ
FAN-7398051,Gracie,Bingley,GBingley140@yahoo.com,1978-03-31,Male,202  Cedar Ln,Township,CA,United States,23456,(200) 7701843,0127e000002bd8JAAQ
FAN-7398975,Greys,Hefferon,Grace_Hefferon@aol.com.ca,1975-10-15,Female,567  Maple Lane,Toronto,ON,Canada,M5H 2N2,(218) 8991636,0127e000002bd8JAAQ
FAN-7404798,Gracie,Gee,Grace_Gee@hotmail.com,2003-10-11,,909  Oak Ln,Cityscape,NY,United States,87654,(524) 5889326,0127e000002bd8JAAQ
FAN-7405266,Isabella,Purton,IPurton212@apple.com.uk,,Nonbinary,876  Cranberry Avenue,London,England,United Kingdom,W1A 1AA,(294) 8387261,0127e000002bd8JAAQ
FAN-7409534,Izabella,Spottiswoode,ISpottiswoode221@gmail.com.ar,1957-07-07,Female,357  Aspen Way,Buenos Aires,,Argentina,C1002ABC,(985) 4861782,0127e000002bd8JAAQ
FAN-7419788,Izabella,Finicj,Isabella.Finicj@mail.com,,Female,579  Elm Road,Megalopolis,TX,United States,56789,(945) 5097529,0127e000002bd8JAAQ
FAN-7430898,Isabela,Hassen,IHassen78@outlook.com.it,,Male,568 Cedar Drive,Milan,Lombardy,Italy,20121,(646) 3010467,0127e000002bd8JAAQ
FAN-7460020,Jaims,Cranshaw,James_Cranshaw@aol.com.es,1985-06-17,Female,9101  Pine Drive,Barcelona,Catalonia,Spain,8002,(790) 1984477,0127e000002bd8JAAQ
FAN-7468232,Jaims,Whatling,James_Whatling@aol.com.jp,1977-05-19,,1234  Pine Avenue,Osaka,Osaka,Japan,530-0001,,0127e000002bd8JAAQ
FAN-7471670,Jaymz,Shuttlewood,JShuttlewood68@yahoo.com,1957-12-10,Male,617  Maple Lane,Community,NY,United States,23456,(327) 8514744,0127e000002bd8JAAQ
FAN-7472458,James,Downe,James_Downe@gmail.com.de,2007-09-02,Male,3141  Cedar Lane,Berlin,Berlin,Germany,10117,,0127e000002bd8JAAQ
FAN-7491155,Joseph,Burg,JBurg238@apple.com,1979-11-20,Male,909 Elm Ln,New York,NY,United States,10001,(812) 9959879,0127e000002bd8JAAQ
FAN-7495136,Josef,Roddell,Joseph_Roddell@yahoo.com.pt,1961-05-02,Male,789  Maple Ln,Lisbon,Lisbon,Portugal,1100-001,,0127e000002bd8JAAQ
FAN-7560477,Josif,Lease,JLease157@yahoo.com.br,1959-11-06,Female,617  Aspen Road,Rio de Janeiro,Rio de Janeiro,Brazil,20000-001,(748) 9031164,0127e000002bd8JAAQ
FAN-7575571,Josef,Schiefersten,Joseph_Schiefersten@yahoo.com.se,2004-12-20,Female,606  Cedar Ave,Stockholm,,Sweden,11120,,0127e000002bd8JAAQ
FAN-7603796,Kathryn,Bengoechea,Katherine.Bengoechea@mail.com.jp,1993-08-14,Female,910  Elm Way,Tokyo,,Japan,100-0001,,0127e000002bd8JAAQ
FAN-7666021,Catherine,Bushe,Katherine_Bushe@aol.com.ch,1985-05-23,Nonbinary,606 Cherry St,Zurich,Zurich,Switzerland,8001,,0127e000002bd8JAAQ
FAN-7723409,Katherine,Kisbee,KKisbee39@apple.com.it,,,789  Maple St,Milan,Lombardy,Italy,20121,(810) 9053151,0127e000002bd8JAAQ
FAN-7778109,Katherine,Usherwood,KUsherwood87@apple.com.co,,Male,202 Oak Ave,Bogotá,,Colombia,110321,,0127e000002bd8JAAQ
FAN-7778510,Lilly,McCahey,Lily_McCahey@hotmail.com.fr,2005-08-20,Male,678 Peach Street,Paris,Ile-de-France,France,75003,(146) 2196563,0127e000002bd8JAAQ
FAN-7830774,Lili,Osler,Lily_Osler@aol.com.de,1962-06-23,Female,314  Aspen Street,Hamburg,Hamburg,Germany,20095,(313) 4011197,0127e000002bd8JAAQ
FAN-7833074,Lili,MacGillavery,LMacGillavery198@outlook.com.jp,1988-10-08,Nonbinary,6171  Aspen Circle,Tokyo,Tokyo,Japan,100-0001,,0127e000002bd8JAAQ
FAN-7834184,Lily,Camus,LCamus57@apple.com.de,,Female,789 Oakwood Avenue,Hamburg,Hamburg,Germany,20095,(186) 3288220,0127e000002bd8JAAQ
FAN-7834466,Madison,Zucker,MZucker89@apple.com.mx,1971-04-11,Male,124  Birch Road,Mexico City,,Mexico,6010,,0127e000002bd8JAAQ
FAN-7870436,Madisyn,Dibdale,Madison_Dibdale@yahoo.com.no,2000-05-23,Female,677  Oak Drive,Oslo,Oslo,Norway,10,(285) 2648489,0127e000002bd8JAAQ
FAN-7886505,Maddison,Vautier,MVautier40@outlook.com.es,,Female,3030  Blueberry St,Madrid,Madrid,Spain,28001,(717) 1214735,0127e000002bd8JAAQ
FAN-7917767,Madyson,Ierland,MIerland137@yahoo.com.uk,2006-04-11,,909  Pine Ave,Liverpool,England,UK,L3 5TR,(227) 6519216,0127e000002bd8JAAQ
FAN-7923265,Matthieu,Ferron,Matthew_Ferron@aol.com.jp,2002-04-07,Male,505 Cedar Ln,Tokyo,,Japan,100-0001,(564) 6437059,0127e000002bd8JAAQ
FAN-7939695,Mathew,Lathaye,MLathaye107@gmail.com.ar,2009-05-13,,1414  Grape St,Buenos Aires,Capital Federal,Argentina,C1107AAA,(570) 8034758,0127e000002bd8JAAQ
FAN-8052991,Matthieu,Luard,Matthew_Luard@aol.com.es,1963-09-12,,808  Pine Rd,Madrid,,Spain,28013,,0127e000002bd8JAAQ
FAN-8078831,Matthieu,Brumham,Matthew_Brumham@hotmail.com.uk,,Female,455 Maple Street,London,England,UK,W1A 1AA,(937) 5756439,0127e000002bd8JAAQ
FAN-8080002,Mikel,Linfield,MLinfield92@yahoo.com,1990-03-21,Male,210  Pineapple Street,Cluster,CA,United States,56789,(509) 6097654,0127e000002bd8JAAQ
FAN-8090324,Mikel,Reford,Michael_Reford@hotmail.com,,,1121 Birch Lane,Precinct,CA,United States,23456,(947) 4318513,0127e000002bd8JAAQ
FAN-8107529,Michael,Kristoffersson,MKristoffersson139@apple.com.uk,1978-09-13,Female,4151  Redwood Drive,Liverpool,England,UK,L3 5TR,,0127e000002bd8JAAQ
FAN-8143164,Mikael,Tennet,MTennet230@gmail.com.gr,1984-05-30,,4545 Avocado St,Athens,Attica,Greece,105 64,(749) 6618600,0127e000002bd8JAAQ
FAN-8145102,Alivia,Hembrow,OHembrow103@outlook.com.be,2001-08-11,Female,202 Cedar St,Brussels,Brussels,Belgium,1000,(705) 2770150,0127e000002bd8JAAQ
FAN-8155684,Alivia,Kwiek,Olivia_Kwiek@hotmail.com.ca,1970-05-11,,654  Lime Lane,Montreal,QC,Canada,H2X 1Y6,(200) 3566022,0127e000002bd8JAAQ
FAN-8158333,Alivia,Renfield,Olivia_Renfield@aol.com.gr,1972-03-24,Female,1515  Strawberry St,Athens,Attica,Greece,105 64,(632) 8409198,0127e000002bd8JAAQ
FAN-8182403,Alyvia,Tomaszek,OTomaszek127@yahoo.com.ar,1970-01-29,Male,2626  Mango St,Buenos Aires,,Argentina,C1002ABC,(238) 7723523,0127e000002bd8JAAQ
FAN-8198382,Samuel,Vardey,SVardey180@apple.com,1963-03-17,Male,123 Main Street,Anytown,CA,United States,12345,(721) 6276802,0127e000002bd8JAAQ
FAN-8252780,Samuelito,MacLucais,Samuel_MacLucais@hotmail.com,2005-06-25,Female,6171 Aspen Way,Province,CA,United States,10987,(908) 8612623,0127e000002bd8JAAQ
FAN-8259192,Samuell,Wolfarth,Samuel_Wolfarth@hotmail.com.fr,2005-04-23,Male,987  Passionfruit Drive,Paris,Ile-de-France,France,75001,(221) 4316186,0127e000002bd8JAAQ
FAN-8293439,Samuell,Buie,Samuel_Buie@hotmail.com.cn,1979-10-10,Female,987  Pine Road,Beijing,,China,100006,(993) 9240183,0127e000002bd8JAAQ
FAN-8366014,Soffia,McBrearty,SMcBrearty50@outlook.com.br,,Female,1234  Oak Place,Rio de Janeiro,,Brazil,20040-002,(408) 5301508,0127e000002bd8JAAQ
FAN-8379456,Soffia,Falls,SFalls8@outlook.com,1988-04-22,,890  Raspberry Lane,Villagetown,CA,United States,67890,,0127e000002bd8JAAQ
FAN-8391028,Soffia,Royce,Sophia_Royce@hotmail.com.it,1987-04-24,Male,4949 Pineapple St,Rome,Lazio,Italy,118,,0127e000002bd8JAAQ
FAN-8396198,Sofiya,Neave,SNeave126@yahoo.com.hr,2005-02-23,Male,987  Cedar Lane,Zagreb,Zagreb,Croatia,10000,(794) 3877632,0127e000002bd8JAAQ
FAN-8425559,Will,Gartsyde,WGartsyde21@gmail.com.au,,Female,678  Mango Lane,Sydney,NSW,Australia,2000,(740) 1406769,0127e000002bd8JAAQ
FAN-8432214,William,Prowse,WProwse163@apple.com.it,1972-01-04,Male,516  Oak Drive,Rome,Lazio,Italy,118,(418) 3550300,0127e000002bd8JAAQ
FAN-8476294,Will,Whiskerd,William.Whiskerd@mail.com.pt,2000-02-20,Female,3131 Blackberry St,Lisbon,Lisbon,Portugal,1000-001,(861) 1766366,0127e000002bd8JAAQ
FAN-8492379,William,Divine,WDivine26@apple.com.ca,1982-09-06,Female,321 Maple Avenue,Toronto,ON,Canada,M5H 2N2,(701) 6405034,0127e000002bd8JAAQ
FAN-8495678,Abbigail,Watling,AWatling0@yahoo.com.es,,Nonbinary,808  Maple Rd,Madrid,Community of Madrid,Spain,28001,,0127e000002bd8JAAQ
FAN-8500853,Abigale,Attwool,Abigail_Attwool@yahoo.com.es,1960-09-15,Female,432 Mango Way,Madrid,Community of Madrid,Spain,28001,(304) 1045046,0127e000002bd8JAAQ
FAN-8546429,Abigail,Furmagier,Abigail_Furmagier@gmail.com.no,1993-11-13,,2020 Avocado St,Oslo,Oslo,Norway,10,(538) 8993560,0127e000002bd8JAAQ
FAN-8564819,Abigail,Danher,ADanher189@apple.com,1974-07-23,,6171 Aspen Circle,Borough,NY,United States,43210,(309) 4372917,0127e000002bd8JAAQ
FAN-8573412,Ayden,Barenskie,Aiden_Barenskie@aol.com.ch,1983-08-09,Male,654  Guava Road,Zurich,Zurich,Switzerland,8001,(763) 9034153,0127e000002bd8JAAQ
FAN-8583850,Ayden,Lathaye,ALathaye3@outlook.com.fi,1992-02-23,Female,2222 Pomegranate St,Helsinki,Uusimaa,Finland,100,(558) 8528495,0127e000002bd8JAAQ
FAN-8591059,Aiden,Horning,AHorning153@apple.com.ca,1972-03-27,,678  Coconut Circle,Montreal,QC,Canada,H2X 1Y6,(576) 9928019,0127e000002bd8JAAQ
FAN-8622033,Ayden,Sartin,Aiden_Sartin@aol.com.au,,Male,321 Pomegranate Lane,Sydney,New South Wales,Australia,2000,,0127e000002bd8JAAQ
FAN-8629846,Aleksander,Gerssam,AGerssam237@gmail.com,1996-10-25,Female,790  Birch Street,Zone,NY,United States,56789,(217) 4363554,0127e000002bd8JAAQ
FAN-8641093,Aleksander,Worvell,Alexander_Worvell@yahoo.com.uk,,Female,789  Maple Drive,London,England,United Kingdom,W1A 1AA,(364) 8089920,0127e000002bd8JAAQ
FAN-8641535,Alexzander,Wisniewski,Alexander_Wisniewski@hotmail.com,1996-08-28,Nonbinary,819  Cedar Avenue,Everywhere,CA,United States,54321,(584) 4934402,0127e000002bd8JAAQ
FAN-8675384,Aleksander,Eddington,AEddington29@gmail.com,1974-11-25,Female,4151 Redwood Drive,Outskirts,TX,United States,87654,(160) 3935893,0127e000002bd8JAAQ
FAN-8677815,Andrew,McAusland,Andrew_McAusland@gmail.com,2006-12-17,,789 Maple Drive,Nowhere,NY,United States,54321,,0127e000002bd8JAAQ
FAN-8696017,Andrew,O'Kinedy,Andrew_O'Kinedy@gmail.com.pt,2003-04-16,Female,567  Willow Way,Porto,Porto,Portugal,4050-481,(243) 8778565,0127e000002bd8JAAQ
FAN-8703655,Andrew,Crut,ACrut71@apple.com.es,,Male,3636 Watermelon St,Madrid,Madrid,Spain,28001,(271) 3675592,0127e000002bd8JAAQ
FAN-8706494,Andrey,Bellon,ABellon167@yahoo.com.nl,,Male,801 Elm Road,Rotterdam,South Holland,Netherlands,3012 BN,(781) 5594207,0127e000002bd8JAAQ
FAN-8712304,Benjamin,Standall,Benjamin_Standall@gmail.com,1967-05-15,Female,210  Grape Lane,Locale,CA,United States,10987,(267) 9559993,0127e000002bd8JAAQ
FAN-8716664,Ben,Mullin,BMullin200@outlook.com.nl,1995-03-27,,707  Willow Rd,Amsterdam,North Holland,Netherlands,1012 AB,,0127e000002bd8JAAQ
FAN-8731197,Benjamen,Nulty,Benjamin.Nulty@mail.com.pt,,Female,234  Birch Lane,Lisbon,Lisbon,Portugal,1000-001,,0127e000002bd8JAAQ
FAN-8731778,Benjamen,Rockwell,Benjamin_Rockwell@yahoo.com.pt,2003-02-17,,567 Willow Way,Lisbon,Lisbon,Portugal,1000-001,,0127e000002bd8JAAQ
FAN-8737687,Cleo,Jessett,Chloe_Jessett@hotmail.com,,Male,920  Maple Boulevard,Sector,TX,United States,23456,(824) 5490786,0127e000002bd8JAAQ
FAN-8743159,Khloe,Grantham,CGrantham124@gmail.com.jp,2001-08-05,Female,505 Willow Ln,Tokyo,,Japan,100-0001,,0127e000002bd8JAAQ
FAN-8771501,Khloe,Durand,Chloe_Durand@yahoo.com.ch,,Male,3939 Mango St,Zurich,Zurich,Switzerland,8001,(428) 5975311,0127e000002bd8JAAQ
FAN-8780478,Khloe,Riccetti,Chloe.Riccetti@mail.com.ro,1992-09-14,Nonbinary,4242  Blueberry St,Bucharest,Bucharest,Romania,50711,(407) 8018716,0127e000002bd8JAAQ
FAN-8801867,Krystoffer,McCumskay,CMcCumskay93@yahoo.com.qa,2009-01-27,Nonbinary,606  Oak Ln,Doha,,Qatar,PO Box 25577,,0127e000002bd8JAAQ
FAN-8832440,Krystoffer,Reyburn,Christopher_Reyburn@hotmail.com,1966-11-24,Female,7181 Willow Street,District,CA,United States,87654,(399) 1398760,0127e000002bd8JAAQ
FAN-8841312,Christopher,Kinker,Christopher_Kinker@gmail.com.de,2009-05-08,Female,913 Cedar Street,Hamburg,Hamburg,Germany,20095,(271) 1930116,0127e000002bd8JAAQ
FAN-8850457,Christophe,Lace,Christopher_Lace@aol.com,1994-08-27,Male,920 Maple Boulevard,Community,NY,United States,23456,(822) 8066924,0127e000002bd8JAAQ
FAN-8877754,Daniell,Castelletto,Daniel_Castelletto@hotmail.com.ch,1979-11-12,Female,123 Banana Road,Zurich,Zurich,Switzerland,8001,(834) 8951569,0127e000002bd8JAAQ
FAN-8894871,Dan,Dumini,Daniel_Dumini@hotmail.com.it,1970-08-18,Male,3636  Watermelon St,Milan,Lombardy,Italy,20123,(505) 2359435,0127e000002bd8JAAQ
FAN-8905198,Daniell,Floodgate,Daniel_Floodgate@aol.com.ua,1971-06-26,Female,2828 Raspberry St,Kyiv,Kyiv,Ukraine,1001,(734) 5938957,0127e000002bd8JAAQ
FAN-8945561,Dan,Leadstone,DLeadstone163@yahoo.com,1962-03-25,Male,718 Willow Drive,Cluster,CA,United States,56789,(331) 9688809,0127e000002bd8JAAQ
FAN-8957898,Elizabeth,Paler,Elizabeth_Paler@gmail.com.sk,1978-01-15,Female,2727 Papaya St,Bratislava,Bratislava,Slovakia,81101,(927) 2298865,0127e000002bd8JAAQ
FAN-8971591,Elisabeth,Ellissen,Elizabeth_Ellissen@yahoo.com,1980-04-27,,9201  Maple Way,Everyville,CA,United States,98765,,0127e000002bd8JAAQ
FAN-8994678,Elisabeth,Angus,EAngus154@gmail.com.eg,2000-08-16,Male,909  Elm Rd,Cairo,,Egypt,11519,(739) 1969888,0127e000002bd8JAAQ
FAN-9001272,Elizabith,Gebbe,Elizabeth_Gebbe@aol.com,2008-06-25,Female,987 Cedar Lane,Anywhere,NY,United States,87654,(824) 2558286,0127e000002bd8JAAQ
FAN-9006656,Emmaleigh,Colles,EColles155@outlook.com.ar,1981-01-22,Female,765 Pineapple Boulevard,Buenos Aires,Capital Federal,Argentina,C1107AAA,(687) 2179868,0127e000002bd8JAAQ
FAN-9065391,Amelie,Loadwick,ELoadwick52@yahoo.com.de,1957-10-17,,122  Cedar Lane,Berlin,,Germany,10178,(562) 1332549,0127e000002bd8JAAQ
FAN-9091170,Emalee,Mizzen,EMizzen171@gmail.com.it,,,5161  Birch Lane,Rome,Lazio,Italy,118,,0127e000002bd8JAAQ
FAN-9092701,Emalee,Grantham,Emily.Grantham@mail.com.de,1978-12-19,Male,2929 Strawberry St,Munich,Bavaria,Germany,80331,(313) 4461218,0127e000002bd8JAAQ
FAN-9130200,Ema,Abramino,EAbramino202@outlook.com.at,2004-05-16,Female,505 Maple Ln,Vienna,,Austria,1010,,0127e000002bd8JAAQ
FAN-9135566,Ema,MacCoughan,Emma_MacCoughan@aol.com.de,2004-12-28,Female,654 Birch Lane,Berlin,Berlin,Germany,10115,(768) 5802499,0127e000002bd8JAAQ
FAN-9144735,Emma,Coogan,ECoogan208@apple.com,,Male,617 Maple Lane,Sector,TX,United States,23456,(100) 2175345,0127e000002bd8JAAQ
FAN-9239338,Ema,Dillingston,Emma_Dillingston@aol.com.no,,Male,445  Oak Road,Oslo,,Norway,180,(288) 8081913,0127e000002bd8JAAQ
FAN-9243232,Ethan,Simony,Ethan_Simony@gmail.com,1975-06-20,Male,654 Aspen Boulevard,Megalopolis,TX,United States,56789,(231) 3456193,0127e000002bd8JAAQ
FAN-9245915,Athan,Jirusek,EJirusek43@yahoo.com,1992-12-15,,456  Apricot Drive,Cityville,TX,United States,98765,(253) 2463197,0127e000002bd8JAAQ
FAN-9248524,Eitan,Braxay,EBraxay36@gmail.com,1987-08-27,Female,707  Pineapple St,Sector,NY,United States,56789,(697) 9546732,0127e000002bd8JAAQ
FAN-9255968,Eitan,Shirrell,EShirrell65@gmail.com.fr,,Colorado,788 Cedar Road,Paris,Ile-de-France,France,75001,(219) 2661186,0127e000002bd8JAAQ
FAN-9265629,Gracie,Ekkel,GEkkel81@yahoo.com.pl,1976-08-31,Female,1717  Blueberry St,Warsaw,,Poland,00-001,(157) 6918202,0127e000002bd8JAAQ
FAN-9308199,Gracie,MacCoughan,Grace_MacCoughan@hotmail.com,,Female,321  Lemon Avenue,Uptown,CA,United States,56789,(740) 7255326,0127e000002bd8JAAQ
FAN-9376033,Grace,McCullagh,GMcCullagh130@apple.com.bg,2001-10-04,Female,2626 Mango St,Sofia,Sofia-Capital,Bulgaria,1000,(925) 1082906,0127e000002bd8JAAQ
FAN-9378596,Gracie,Gebbe,Grace_Gebbe@hotmail.com.au,,,101 Elm St,Sydney,NSW,Australia,2000,(520) 2942496,0127e000002bd8JAAQ
FAN-9384303,Isabela,Gabitis,Isabella_Gabitis@hotmail.com.se,,Male,1212  Orange St,Stockholm,Stockholm,Sweden,11120,(838) 7649441,0127e000002bd8JAAQ
FAN-9396617,Isabella,Royds,Isabella_Royds@gmail.com,,Female,455  Maple Street,New York,NY,United States,10001,(454) 2919717,0127e000002bd8JAAQ
FAN-9398170,Isabela,Randales,IRandales26@outlook.com.fr,1987-07-24,Female,321 Elm Street,Paris,Ile-de-France,France,75001,(129) 1889935,0127e000002bd8JAAQ
FAN-9411625,Isabela,Killingsworth,Isabella_Killingsworth@aol.com.be,1962-01-04,,678 Mango Lane,Brussels,Brussels,Belgium,1000,(168) 5313775,0127e000002bd8JAAQ
FAN-9425182,James,McCuish,JMcCuish44@apple.com,2005-03-02,Nonbinary,8191  Oak Boulevard,Anytown,CA,United States,12345,(663) 2931303,0127e000002bd8JAAQ
FAN-9432595,Jaymes,Exposito,JExposito12@gmail.com.fr,1964-08-12,,3838 Coconut St,Lyon,Auvergne-Rhône-Alpes,France,69001,(393) 2992673,0127e000002bd8JAAQ
FAN-9445680,Jaims,Normanvill,James_Normanvill@aol.com,1980-11-18,Male,8191 Oak Court,Locale,TX,United States,23456,(290) 6415206,0127e000002bd8JAAQ
FAN-9454297,Jaymes,Dunnan,James_Dunnan@yahoo.com.dk,,Female,5678  Cedar Road,Copenhagen,Capital Region,Denmark,1000,(641) 4855388,0127e000002bd8JAAQ
FAN-9485968,Josef,Pinches,Joseph_Pinches@yahoo.com.pt,1998-11-13,Male,468  Birch Street,Lisbon,Lisbon,Portugal,1600-001,,0127e000002bd8JAAQ
FAN-9526001,Josef,Rosin,Joseph_Rosin@yahoo.com.de,1963-08-27,Male,321  Birch Drive,Berlin,,Germany,10115,(423) 9346022,0127e000002bd8JAAQ
FAN-9544449,Jozef,Norman,JNorman218@outlook.com.mx,1980-09-07,Female,246  Oakwood Lane,Mexico City,Ciudad de Mexico,Mexico,1000,(486) 7568506,0127e000002bd8JAAQ
FAN-9606728,Jozef,Tesimon,Joseph_Tesimon@hotmail.com.fr,1970-02-05,,789  Cedar Rd,Lyon,Auvergne-Rhône-Alpes,France,69001,(421) 1356422,0127e000002bd8JAAQ
FAN-9609644,Katarina,Burtwistle,Katherine_Burtwistle@hotmail.com.uk,,Female,789 Kiwi Avenue,London,England,United Kingdom,W1F 7ED,(577) 9269599,0127e000002bd8JAAQ
FAN-9612931,Katherine,Emnoney,Katherine_Emnoney@gmail.com.cz,,Male,4141 Strawberry St,Prague,Prague,Czech Republic,110 00,,0127e000002bd8JAAQ
FAN-9660505,Kathryn,Hembrow,Katherine_Hembrow@yahoo.com.ru,,,1414 Grape St,St. Petersburg,Leningrad Oblast,Russia,190000,,0127e000002bd8JAAQ
FAN-9664582,Kathryn,Cholton,Katherine_Cholton@yahoo.com.tr,2010-03-15,,101  Cedar Rd,Istanbul,,Turkey,34110,(296) 4589549,0127e000002bd8JAAQ
FAN-9699213,Lili,Handyside,LHandyside232@outlook.com,2010-01-13,Male,404  Elm St,Division,CA,United States,87654,(701) 7908334,0127e000002bd8JAAQ
FAN-9701199,Lillie,Duffin,LDuffin77@gmail.com.pl,1994-02-08,Female,1515 Strawberry St,Warsaw,Masovian Voivodeship,Poland,00-001,,0127e000002bd8JAAQ
FAN-9704369,Lilly,Allewell,Lily_Allewell@hotmail.com.es,,Male,124 Birch Road,Madrid,Community of Madrid,Spain,28001,(591) 1795511,0127e000002bd8JAAQ
FAN-9708177,Lillie,Sargison,Lily_Sargison@yahoo.com.sk,1966-08-07,Male,7181  Willow Street,Bratislava,Bratislava,Slovakia,81101,,0127e000002bd8JAAQ
FAN-9732021,Maddison,Oldman,MOldman245@outlook.com.es,1966-08-25,,667  Elm Lane,Madrid,Community of Madrid,Spain,28004,,0127e000002bd8JAAQ
FAN-9733696,Madyson,Poles,Madison_Poles@hotmail.com.uk,1964-03-24,,2020  Avocado St,Liverpool,England,UK,L3 5TR,,0127e000002bd8JAAQ
FAN-9743416,Maddison,Elloway,MElloway138@outlook.com.ua,,Male,909  Banana St,Kyiv,Kyiv,Ukraine,1001,(762) 8568739,0127e000002bd8JAAQ
FAN-9753719,Madison,Coggan,Madison_Coggan@gmail.com.es,,Male,235 Elm Lane,Barcelona,Catalonia,Spain,8001,(346) 8803997,0127e000002bd8JAAQ
FAN-9768711,Mateo,Bodega,Matthew_Bodega@hotmail.com.fr,1989-09-07,Male,468 Birch Street,Paris,Ile-de-France,France,75001,(885) 7757055,0127e000002bd8JAAQ
FAN-9776469,Matthieu,Picton,MPicton227@outlook.com.ch,1982-12-27,Male,3232  Kiwi St,Zurich,Zurich,Switzerland,8001,(951) 3569490,0127e000002bd8JAAQ
FAN-9779268,Matthieu,Askie,MAskie130@outlook.com,1977-09-02,,415 Willow Avenue,Zone,NY,United States,56789,,0127e000002bd8JAAQ
FAN-9783885,Matthieu,Josupeit,Matthew_Josupeit@aol.com.de,,Male,802 Maple Drive,Munich,Bavaria,Germany,80331,(660) 7438463,0127e000002bd8JAAQ
FAN-9794581,Michal,Smithson,Michael_Smithson@aol.com.fr,2001-02-27,,579 Elm Road,Marseille,Provence-Alpes-Côte d'Azur,France,13001,(758) 4674647,0127e000002bd8JAAQ
FAN-9795274,Michal,Rosenbaum,Michael_Rosenbaum@aol.com.de,1999-09-25,Nonbinary,1818  Blackberry St,Munich,Bavaria,Germany,80335,(944) 1770929,0127e000002bd8JAAQ
FAN-9816331,Michal,Borne,MBorne74@outlook.com,1992-03-29,Male,802  Maple Drive,Los Angeles,CA,USA,90001,(196) 7864151,0127e000002bd8JAAQ
FAN-9827189,Michael,Brownsword,MBrownsword102@apple.com.es,,Male,789 Maple St,Madrid,Madrid,Spain,28001,,0127e000002bd8JAAQ
FAN-9834315,Alyvia,Pirri,OPirri8@yahoo.com.fr,,Male,654  Aspen Boulevard,Marseille,Provence-Alpes-Côte d'Azur,France,13001,(849) 2438062,0127e000002bd8JAAQ
FAN-9847724,Olivia,Cadlock,OCadlock101@apple.com,2005-10-05,Male,889 Maple Street,New York,NY,USA,10001,,0127e000002bd8JAAQ
FAN-9859192,Alyvia,Causnett,Olivia_Causnett@hotmail.com.uk,1962-03-15,Female,123  Main Street,London,,United Kingdom,EC1A 1BB,(700) 9362691,0127e000002bd8JAAQ
FAN-9886517,Alivia,Cruickshank,Olivia_Cruickshank@hotmail.com.be,1998-01-25,Male,101  Elm St,Brussels,Brussels,Belgium,1000,(902) 5237442,0127e000002bd8JAAQ
FAN-9901729,Samuell,Mendes,Samuel_Mendes@aol.com.es,,Male,678 Coconut Circle,Madrid,Community of Madrid,Spain,28004,(477) 4370541,0127e000002bd8JAAQ
FAN-9910621,Samuell,Flatt,Samuel_Flatt@hotmail.com.ar,1960-07-17,Male,707 Maple Ave,Buenos Aires,,Argentina,C1002ABC,(560) 4292572,0127e000002bd8JAAQ
FAN-9913759,Samuelito,Rigeby,SRigeby152@yahoo.com,1994-05-08,Female,415 Elm Court,Block,CA,United States,87654,(676) 7637786,0127e000002bd8JAAQ
FAN-9915193,Samuelito,Dethloff,SDethloff221@yahoo.com,1986-03-08,,404  Birch Rd,District,NY,United States,23456,(528) 9154405,0127e000002bd8JAAQ
FAN-9915318,Soffia,Burg,Sophia_Burg@hotmail.com,,,9101 Pine Drive,Villagetown,CA,United States,67890,(924) 6937956,0127e000002bd8JAAQ
FAN-9925460,Sophia,Gee,SGee179@apple.com,1990-04-28,Female,678  Pine Drive,Los Angeles,CA,United States,90001,(524) 5889326,0127e000002bd8JAAQ
FAN-9927994,Sofiya,McMakin,Sophia_McMakin@hotmail.com.ca,,,344 Birch Avenue,Vancouver,BC,Canada,V6B 4Y8,(828) 4620413,0127e000002bd8JAAQ
FAN-9951084,Sofiya,Bolmann,Sophia_Bolmann@hotmail.com.es,1981-02-28,Male,345 Oak Street,Madrid,Community of Madrid,Spain,28001,(908) 7036120,0127e000002bd8JAAQ
FAN-9953546,William,Pavel,William_Pavel@gmail.com,2002-03-18,,456 Cedar Road,Urban,TX,United States,54321,(943) 6295757,0127e000002bd8JAAQ
FAN-9956275,Will,Sircomb,William_Sircomb@yahoo.com,1981-04-16,,432  Strawberry Court,Somewhereton,CA,United States,43210,,0127e000002bd8JAAQ
FAN-9958480,Guillermo,Aslum,William_Aslum@hotmail.com.jp,1969-01-13,Nonbinary,567 Starfruit Avenue,Tokyo,Tokyo,Japan,100-0001,(379) 8574277,0127e000002bd8JAAQ
FAN-9992068,William,Thomann,William_Thomann@gmail.com.ca,1957-02-25,Nonbinary,778 Birch Road,Vancouver,BC,Canada,V6B 4Y8,(454) 9990520,0127e000002bd8JAAQ